node_index,Time,Activity,Pain,Gain,A day in the life,foci_index,time_index
0,0:00:00,นอน,,,sleeping,0,1
2,0:00:00,เล่นกับแมว,,มีความสุข,Family activities,11,1
3,0:00:00,นอน,,,sleeping,0,1
9,0:00:00,ดูโคนันเดอะซีรี่ย์,ง่วง,คลายเครียด เบาสมอง,Relaxing,2,1
10,0:00:00,ตื่นนอน,ง่วงนอน,ได้เริ่มต้นชีวิตของวันใหม่,Relaxing,2,1
13,0:00:00,เข้านอน,ง่วงเพราะเหนื่อยมาทั้งวัน,หลับสบาย,sleeping,0,1
14,0:00:00,เคลียร์งานนิดหน่อย,ติดใจเรื่องงาน นอนไม่หลับ,ได้ทบทวนว่าทำงานอะไรไปบ้าง,Work,8,1
16,0:00:00,อ่านบทความ,,ได้ความรู้,Education,7,1
17,0:00:00,นอนหลับ,,พักผ่อน,sleeping,0,1
18,0:00:00,เล่นเกมส์กับเพื่อน,มือถือแบตหมดเร็ว,พักผ่อน ได้พูดคุยกับเพื่อน,gaming,1,1
19,0:00:00,นอน,ไม่อยากนอนแต่ต้องนอน,ร่างกายได้พักผ่อน ,sleeping,0,1
21,0:00:00,นอน,-,พักผ่อน,sleeping,0,1
24,0:00:00,สวดมนต์,ง่วงนอน,ฝึกตัวเองให้มีสมาธิที่ดี,Relaxing,2,1
24,0:00:00,เข้านอน,,,sleeping,0,1
25,0:00:00,Bed time,,Rest,Sleeping,0,1
28,0:00:00,watching Korean series,,Relaxing,Relaxing,2,1
10,0:01:00,ชั่งน้ำหนัก,กลัวน้ำหนักขึ้น,สามารถประเมินได้ว่าควรกินอย่างไร,Personal Care,5,1
27,0:10:00,อาบน้ำเตรียมเข้านอน,ขี้เกียจ,สบายตัว,Personal Care,5,4
4,0:31:00,เข้านอน,ง่วง,ได้พักผ่อน,sleeping,0,9
8,0:31:00,นอน,อยากดูซีรีย์ต่อ แต่ต้องนอน,นอนเยอะๆ แก่ช้า ไม่ต้องเสียตังไปฉีดโบ,sleeping,0,9
21,0:31:00,เข้านอน,ง่วง,พักผ่อน,sleeping,0,9
27,0:31:00,"เล่นมือถือ Facebook, Instagram",เวลานอนลดน้อยลง,ผ่อนคลาย เพลิดเพลิน,Relaxing,2,9
30,0:31:00,เข้า youtube หาอะไรเรียนเพิ่ม,จำที่เรียนมาไม่ได้ ไปย้อนดูใหม่,ได้เรียนต่อจากที่ค้างไว้,Relaxing,2,9
30,0:31:00,เข้านอน,เสียเวลา ไม่ได้เรียนให้จบ,ได้พักผ่อน,sleeping,0,9
32,0:31:00,นอน,,,sleeping,0,9
2,1:01:00,นอน,,,sleeping,0,17
5,1:01:00,นอน,,นอนหลับสนิทมาก เพราะเหนื่อย,sleeping,0,17
9,1:01:00,นอน,,,sleeping,0,17
11,1:01:00,เข้านอน,"ยังไม่ค่อยอยากนอน, ยังอ่านหนังสือไม่ถึงไหนเลย","ได้พักผ่อน, พักร่างกายที่เหนื่อยมาทั้งวัน",sleeping,0,17
21,1:01:00,Sleep,,Take a rest,Sleeping,0,17
26,1:01:00,หลับไปไม่รู้ตัว,,,sleeping,0,17
27,1:01:00,นอนหลับ,ไม่ได้ทำกิจกรรมอื่น,ชาร์จพลังให้กับร่างกาย,sleeping,0,17
10,1:13:00,นั่งสมาธิ,ง่วงนอน,รู้สึกสบายใจ สมองปลอดโปร่ง,Relaxing,2,20
10,1:13:00,แต่งตัวไปทำงาน,ห่วงว่าน้ำหนักขึ้นจะทำให้ใส่เสื้อไม่ได้,รู้สีกว่าดูดี,Personal Care,5,20
16,2:01:00,นอน,,ได้พัก,sleeping,0,32
18,2:01:00,นอน,,พักผ่อน,sleeping,0,32
14,3:01:00,นอน,ต้องนอนแล้ว เดี๋ยวร่างกายไม่ไหว,ได้สลบจากโลกนี้เสียที,sleeping,0,47
28,3:01:00,watching Korean series,Very sleepy but can't stop watching series,,Relaxing,2,47
10,3:37:00,เดินทางไปทำงาน,กังวลเรื่องงาน,ได้วางแผนการทำงานของวันนี้,Commuting,4,56
21,5:01:00,ตื่นมาดูสุนัข,พังข้าวของ,สบายใจ,Relaxing,2,77
22,5:01:00,Wake-up,Feel not refreshing,More day time,Personal Care,5,77
15,5:31:00,กดเลื่อนนาฬิกาปลุก,อากาศหนาว ไม่อยากลุกจากที่นอน,,Relaxing,2,84
20,5:31:00,Wake up,I don't want to get up,,Relaxing,2,84
22,5:31:00,Read online content,No updates from multiple web,Updated news and technology,Education,7,84
20,5:36:00,Take a shower,,Cleaned up my body,Personal Care,5,85
31,5:46:00,Wake up to snooze the clock,still dark and feel not ready to get up,keep sleeping,Relaxing,2,88
31,5:54:00,"Wake up to snooze the clock, second time","still dark and feel not ready to get up, second time",laying on my bed,Relaxing,2,90
24,6:00:00,ตื่นนอน,ง่วงนอน ไม่อยากลุกจากเตียง,,Relaxing,2,91
12,6:01:00,Wake up autonomously,Super sleepy,,Relaxing,2,91
15,6:01:00,ตื่นนอน,ง่วงนอน,มีเวลาอาบน้ำแต่งตัว,Relaxing,2,91
20,6:01:00,Take a van to office,,Go to office by office van,commuting,4,91
21,6:01:00,ฝึกสุนัข,โดนกัด โดนข่วน,สุนัขมีวินัยมากขึ้น,Family activities,11,91
22,6:01:00,Review materials & tasks,,Done almost high pioritoes,Work,8,91
29,6:01:00,ตื่นนอน,ง่วงมากๆ,เริ่มต้นวันใหม่,Relaxing,2,91
31,6:04:00,Get shower and get dress,,Fresh and Hygenity ,Personal Care,5,92
15,6:10:00,อาบน้ำ,อากาศหนาวไม่อยากสระผม,ผมดูมีสุขภาพดีและสดชื่นก่อนไปทำงาน,Personal Care,5,94
12,6:15:00,Play facebook,,update news and situation,Relaxing,2,95
21,6:15:00,ให้อาหารสุนัข,เปลืองเงิน,สุนัขอิ่ม,Family activities,11,95
24,6:15:00,ขับรถไปบ้านย่า,,,Commuting,4,95
29,6:15:00,อาบน้ำ,ง่วงและหนาว,"ตื่นตัว, สดชื่น",Personal Care,5,95
15,6:20:00,ทาครีม,ไม่อยากทาครีมเพราะต้องทาหลายตัว,ทำให้ผิวหน้ามีสุขภาพดี,Personal Care,5,96
7,6:30:00,ตื่นมาเลื่อนนาฬิกาปลุก,ง่วงมาก,ได้พักผ่อน,Relaxing,2,99
8,6:30:00,ตื่นนอน อาบน้ำ แปรงฟัน,ง่วง,ตื่นเช้า ประปรี้ประเปร่า,Personal Care,5,99
9,6:30:00,ตื่นมาปิดนาฬิกาปลุก รอบที่ 1,ล้า ไม่อยากลุก,ได้นอนต่อ,Sleeping,0,99
15,6:30:00,เดินทางออกจากบ้าน,ไม่อยากออกจากบ้านกลัวโควิค,ได้เงินเดือน,Commuting,4,99
21,6:30:00,ตื่นเพื่อปิดนาฬิกาปลุก,ง่วงมากๆ,ได้พักผ่อน,Personal Care,5,99
21,6:30:00,ตื่นนอน,อยากนอนต่อ,ไม่ต้องรีบร้อน,Relaxing,2,99
29,6:30:00,เดินทางไปทำงาน,"ขี้เกียจขับรถ, เบื่อ",ไม่ขาดงาน,Commuting,4,99
6,6:40:00,ตื่นนอน,ง่วงงัวเงียง้วนง้วน,ได้เริ่มวันใหม่,Relaxing,2,101
21,6:40:00,อาบน้ำ,หนาว ผิวแห้ง ,สดชื่นและสะอาด,Personal Care,5,101
24,6:40:00,ตักบาตร,,เพื่อความสบายใจ,Relaxing,2,101
6,6:45:00,แปรงฟัน,ใช้เวลา บางทีรีบแปรงโดนเหงือก,ปากสะอาด สดชื้น,Personal Care,5,102
7,6:45:00,ตื่นมาเลื่อนนาฬิกาปลุก,ง่วงมาก,ได้พักผ่อนต่อ,Relaxing,2,102
6,6:50:00,อาบน้ำ,สบู่/ยาสระผมหมด แล้วขี้เกียจออกมาเอาใหม่,ร่างกายสะอาด,Personal Care,5,104
27,6:50:00,ตื่นนอน เล่นมือถือ,ยังง่วงนอนมากแต่ต้องตื่นเพราะมีเรียน,มีเวลาเตรียมตัวเยอะมากขึ้น,Relaxing,2,104
2,7:00:00,ให้อาหารแมว,,มีความสุข,Family activities,11,106
6,7:00:00,แต่งตัว/ทาครีมบำรุง,ครีมหลายชั้นใช้เวลา เครื่องแต่งกายใช้เวลา,ผิวดี ปากไม่แห้ง แต่งตัวดูภูมิฐาน,Personal Care,5,106
7,7:00:00,ตื่นมาเลื่อนนาฬิกาปลุก,ง่วงมาก,ได้พักผ่อนต่อ,Relaxing,2,106
9,7:00:00,ตื่นมาปิดนาฬิกาปลุก รอบที่ 2,หนวกหู ไม่อยากลุก,ได้นอนต่อ,Sleeping,0,106
11,7:00:00,ตื่นนอน ,"ง่วง,หนาว,ที่นอนดูด","ตื่นเช้าได้ดูบรรยากาสยามเช้า,สดชื่น",Relaxing,2,106
12,7:00:00,Listen to podcast,,update news and situation,Relaxing,2,106
13,7:00:00,อาบน้ำ แต่งตัว,รู้สึกงัวเงียเมื่อตอนตื่น,สดชื่นพร้อมออกไปทำงาน,Personal Care,5,106
15,7:00:00,ขึ้นรถตู้บริษัท,เดินทางไกลนาน,ได้นอนหลับบนรถ,Commuting,4,106
17,7:00:00,ตื่นนอน,ง่วง,,Relaxing,2,106
20,7:00:00,Arrive at office,"On Monday, the traffic is very jam",,commuting,4,106
21,7:00:00,แต่งตัวแต่งหน้า,ต้องรีบ เพื่อไม่ให้ไปสาย,มั่นใจขึ้น,Personal Care,5,106
22,7:00:00,Outdoor exercise & shower,High PM2.5 and PM10,,Sports,3,106
23,7:00:00,ตื่นนอน,ง่วงมาก ลืมตาแทบไม่ขึ้น,ตื่นไปทำงานทัน,Relaxing,2,106
24,7:00:00,ออกกำลังกายแบบ Cardio,เหนื่อย,หุ่นปัง,Sports,3,106
26,7:00:00,นาฬิกาปลุก ครั้งแรก,สลึมสลือ ง่วงนอนอยู่,กด check-in COVID-19 (Health Check ของบริษัท),Relaxing,2,106
27,7:00:00,อาบน้ำ แต่งตัว,ต้องสระผมเป่าผม แต่งหน้า เลือกชุดใช้เวลานาน,ร่างกายตื่นตัว สะอาด,Personal Care,5,106
29,7:00:00,ถึงที่ทำงาน,"ขี้เกียทำงาน, เหนื่อย",มาทันเวลาเข้างาน,Work,8,106
31,7:00:00,Laundry,Do not want to categorize white and color clothes,Hygenity,Eating & Drinking,6,106
21,7:01:00,Wake up,be sleepy,,Relaxing,2,106
21,7:05:00,ทำอาหารเช้า,ไม่มีอะไรพร้อมกิน,มีอาหารกิน ประหยัดไม่ต้องไปซื้อ,Eating & Drinking,6,107
6,7:10:00,ขับรถออกจากบ้าน,รถติด,ฟัง Podcast/เพลง + มีเวลาคิดงาน,Commuting,4,109
10,7:13:00,แปรงฟันและอาบน้ำ,ต้องรีบแปรงฟันเพื่อจะไม่สาย,ฟันสะอาด,Personal Care,5,109
7,7:15:00,ตื่นมาเลื่อนนาฬิกาปลุก,ง่วงมาก,ได้พักผ่อนต่อ,Relaxing,2,110
12,7:15:00,Take a shower,,clean and fresh up,Personal Care,5,110
20,7:15:00,Eat breakfast,Feeling bored with the same menu,,Eating & Drinking,6,110
21,7:15:00,ดื่มกาแฟ nespresso,ขี้เกียจล้างแก้ว,อร่อย+สดชื่น,Eating & Drinking,6,110
29,7:15:00,กินนม-ขนมปัง,หิว,อิ่มท้อง,Eating & Drinking,6,110
4,7:20:00,ตื่นนอน,งัวเงีย,สดชื่น/ ได้นอนเต็มที่,Relaxing,2,111
19,7:20:00,ตื่นนอน,ง่วงไม่อยากตื่น,,Relaxing,2,111
21,7:20:00,ขับรถไปทำงาน,เบื่อรถติด,ถึงที่ทำงานทันเวลา,Commuting,4,111
4,7:25:00,แปรงฟัน/ อาบน้ำ,ไม่สดชื่น ,สะอาด สดชื่น ,Personal Care,5,112
19,7:25:00,อาบน้ำ,ไม่อยากอาบน้ำ,สดชื่น สะอาด,Personal Care,5,112
1,7:30:00,ตื่นนอน,ง่วงนอน,ไดพักผ่อนเต็มที่,Relaxing,2,114
2,7:30:00,นอน,,,sleeping,0,114
3,7:30:00,ตื่นนอน,ไม่อยากตื่น อยากนอนต่อ,ได้เริ่มต้นวันใหม่,Relaxing,2,114
5,7:30:00,ตื่นนอน,ไม่อยากลุก กลิ้งอยู่บนเตียงจนแปดโมง,,Relaxing,2,114
6,7:30:00,ถึงที่ทำงาน เริ่มประชุมตอนเช้า (ด้วย MS Team),บางครั้งมีเสียงไมค์ตีกัน,รู้เรื่องสำคัญ ในวัน ได้ตัดสินใจแนวทางทำงานในวันของทีม,meeting,10,114
7,7:30:00,ตื่นและลุกไปอาบน้ำ แต่งตัว,นอนไม่พอเพราะตื่นมาเลื่อนนาฬิกาปลุกทุก 15 นาที,สดชื่นหายง่วง,Personal Care,5,114
8,7:30:00,ขับรถไปทำงาน,รถติด,กินข้าวฟังเพลงบนรถ,Commuting,4,114
9,7:30:00,ตื่นนอน,รู้สึกขี้เกียจ ไม่อยากลุก,ได้ไปทำกิจกรรมต่างๆ,Relaxing,2,114
11,7:30:00,อาบน้ำ,หนาว,ตาสว่าง,Personal Care,5,114
17,7:30:00,ขับรถไปทำงาน,ขับรถเร็วเพราะออกบ้านสาย,แอบดีใจไปทำงานทัน,Commuting,4,114
20,7:30:00,Morning talk with friend,,Update news,Work,8,114
21,7:30:00,อาบน้ำ,ไม่สดชื่น,สดชื่น,Personal Care,5,114
21,7:30:00,ดื่ม Whey Protein + วิตามิน,ขี้เกียจล้างแก้ว + หลายเม็ด,บำรุงร่างกาย,Eating & Drinking,6,114
23,7:30:00,อาบน้ำ แต่งตัวไปทำงาน,ไม่อยากอาบน้ำ น้ำเย็นมาก,ตัวสะอาดไปทำงาน,Personal Care,5,114
26,7:30:00,นาฬิกาปลุก ครั้งที่สอง,รู้สึกขี้เกียจ ไม่อยากลุก,ตื่นเพื่อมีเวลาเตรียมตัวก่อนทำงาน,Relaxing,2,114
29,7:30:00,เปิด email เตรียมการประชุม,"เบื่อ, ซ้ำซาก",ทราบความคืบหน้าของงาน,meeting,10,114
32,7:30:00,ตื่นนอน,ไม่อยากลุก,,Relaxing,2,114
3,7:35:00,อาบน้ำ,หนาว ไม่อยากอาบ,สดชื่น+สะอาด,Personal Care,5,115
9,7:35:00,เล่มเกมส์,ใช้เวลาในการเล่น เปลืองเวลา ลืมเวลา,คลายความงัวเงีย,gaming,1,115
12,7:40:00,Have breakfast,"usually be cornflakes, really bored",gain energy,Eating & Drinking,6,116
21,7:40:00,เดินทางไปทำงาน,รถติด,-,Commuting,4,116
24,7:40:00,อัดคลิปออกกำลังกาย,,ถ่ายรูปลง story facebook/IG,Sports,3,116
26,7:40:00,อาบน้ำ,หนาว,สดชื่น และตื่นเต็มที่,Personal Care,5,116
3,7:45:00,เดินทางไปทำงาน,ขี้เกียจขับรถ,ได้ตั้งสติก่อนสตาร์ท,Commuting,4,117
13,7:45:00,ขึ้นบีทีเอสเพื่อเดินทางไปทำงาน,ที่ทำงานไกลจากที่พัก และรถติด,ไปทำงานไวขึ้นเพราะไม่ต้องเจอรถติด,Commuting,4,117
21,7:45:00,แต่งหน้าแต่งตัว,ไม่สวย,ดูดีขึ้น เสริมสร้างบุคคลิกที่ดี,Personal Care,5,117
29,7:45:00,ประชุมกับแผนกซ่อมบำรุง,คุยเรื่องเดิมๆ,ทราบการเสียของเครื่องจักรของเมื่อวาน,meeting,10,117
32,7:45:00,อาบน้ำแต่งตัว,,,Personal Care,5,117
9,7:50:00,อาบน้ำ,หนาว,สดชื่น และตื่นเต็มที่,Personal Care,5,119
19,7:50:00,กินข้าวเช้า,ยังไม่หิวแต่ต้องกิน,มีพลังงานในการเริ่มวันใหม่,Eating & Drinking,6,119
24,8:00:00,อาบน้ำ แต่งตัว,ขี้เกียจแต่งตัว,แต่งเพื่อให้ตัวเองทีกำลังใจทำงาน,Personal Care,5,121
21,8:01:00,Take a shower,Lazy,,Personal Care,5,121
1,8:02:00,อาบน้ำ,น้ำเย็น,สดชื่น ตื่นตัว,Personal Care,5,122
3,8:02:00,สแกนนิ้ว,นิ้วเปื้อน,เข้างานทัน,Work,8,122
5,8:02:00,อาบน้ำ,ถ้าไม่ตื่นจะสายแล้วเลยไปอาบน้ำ,,Personal Care,5,122
7,8:02:00,ขับรถไปทำงาน,รถติด,ฟังเพลงเพลินๆ,Commuting,4,122
10,8:02:00,เริ่มทำงาน,เบื่อที่เห็นงานค้าง,ได้จักการงานที่ค้างของเมื่อวานให้เสร็จ,Work,8,122
11,8:02:00,พาแม่ไปทำบุญที่วัด,"ง่วง,หนาว,แอบขี้เกี้ยจ",ได้บุญ สบายใจ,Family activities,11,122
12,8:02:00,Brew coffee,,make fresh and awake,Eating & Drinking,6,122
14,8:02:00,ตื่นรอบที่ 1,ง่วงนอน,ไม่ได้อะไร,Relaxing,2,122
15,8:02:00,ถึงบริษัท,,,commuting,4,122
17,8:02:00,เริ่มทำงาน เช็คอีเมลล์,คอมพิวเตอร์ช้า,,Work,8,122
18,8:02:00,ตื่นนอน,ง่วง ไม่อยากตื่นนอนตอนเช้า,,Relaxing,2,122
20,8:02:00,Start Working,Have some report urgently to finish by today,,Work,8,122
21,8:02:00,กินข้าวเช้า,กินแต่อาหารเดิมๆเพราะไม่มีเวลาเตรียม,อิ่ม,Eating & Drinking,6,122
22,8:02:00,Breakfast,Same as yesterday,,Eating & Drinking,6,122
25,8:02:00,Wake up,I don't want to get up,,Relaxing,2,122
26,8:02:00,ทำงาน แบบ Work from home,การไม่ได้แต่งตัวออกจากบ้าน  ทำให้ไม่ได้ใส่ชุดทำงานใหม่ๆ,ไม่ต้องเสียเวลาเลือกเสื้อผ้า แต่งตัว ทำงานได้เลย พร้อมกับจิบกาแฟและอาหารเช้าเบาๆไปพร้อมกัน,Work,8,122
27,8:02:00,เดินทางไป 101 Digital True Park (BTS),ไกล ใช้เวลา,ได้เล่นมือถือขณะเดินทาง,Commuting,4,122
28,8:02:00,wake up,"Don't want to wake up, feeling drowsy, not enough sleep",,Relaxing,2,122
29,8:02:00,เตรียมเรื่องประชุมกับแผนก maintenance support,เตรียมข้อมูลรูปแบบเดิมๆ,มีข้อมูลไว้ประชุม,meeting,10,122
30,8:02:00,ตื่นนอน,ง่วงนอนยังไม่อยากตื่น,,Relaxing,2,122
32,8:02:00,ออกไปทำงาน,,ใช้รถยนต์ส่วนตัว ไม่ต้องไปเบียดแย่งใช้รถไฟฟ้า,Commuting,4,122
15,8:06:00,เข้าห้องน้ำแต่งหน้า,ไม่อยากแต่งหน้า เพราะหลายขั้นตอน,หน้าตาสดใส บุคลิกดี,Personal Care,5,123
18,8:06:00,อาบน้ำแปรงฟัน,ไม่อยากอาบน้ำเพราะหนาว,สดชื่นสบายตัว,Personal Care,5,123
25,8:06:00,Play smart phone,,I see other people post and their happiness,Relaxing,2,123
30,8:06:00,นอนเล่นมือถือ,เสียเวลา จะสายแล้ว,เช็คงานเช็คไลน์,Relaxing,2,123
4,8:10:00,เดินทางไปทำงาน,,ถึงที่ทำงาน ,Commuting,4,124
9,8:10:00,แต่งตัว,ใช้เวลาในการเลือกเสื้อผ้า แต่งหน้า แต่งตัว ไม่รู้จะใส่อะไร,สวย เข้ากล้องแล้วหน้าไม่ซีด,Personal Care,5,124
15,8:10:00,กินข้าวเช้า,ไม่อยากกินเพราะเมนูน่าเบื่อ, ใช้สมองทำงานได้เต็มที่ไม่หิวระหว่างวัน,Eating & Drinking,6,124
21,8:10:00,เข้าออฟฟิต,-,-,Commuting,4,124
26,8:10:00,จิบกาแฟและอาหารเช้าเบาๆไปพร้อมกัน,กินไปพร้อมกับทำงานไปด้วย  ไม่ค่อยสะดวกนัก,ประหยัดเวลา  ทำให้ไม่ต้องตื่นเช้าเผื่อเวลากินก่อนเข้างาน,Eating & Drinking,6,124
3,8:11:00,เดินรอบคลัง,เมื่อยขา ง่วงนอน เบลอ ๆ ,เดินรู้ความเคลื่อนไหวในคลัง,Work,8,124
12,8:15:00,Prepare working,,Review tasks before meeting session,Work,8,125
21,8:15:00,กินอาหารเช้า,หิว,เพิ่มพลังงานในการออกไปใช้ชีวิต,Eating & Drinking,6,125
23,8:15:00,เดินไปทำงาน,ไม่อยากเดินตอนเช้าๆ เร่งรีบ,ไม่เสียเงินค่าเดินทาง เพราะที่พักอยู่ใกล้ที่ทำงาน,Commuting,4,125
21,8:16:00,Breakfast,Hungry,Full,Eating & Drinking,6,125
19,8:20:00,ขับรถไปทำงาน,"รถติด, กังวลเรื่องงาน",,Commuting,4,126
21,8:20:00,ตรวจสอบ email,เมล์ไม่สำคัญเยอะ,รู้ว่ามีงานอะไรสำคัญ,Work,8,126
25,8:20:00,Play ROV,,I gain my happiness to play game,gaming,1,126
15,8:25:00,เข้าออฟฟิต,,,commuting,4,127
0,8:30:00,ตื่นนอน,ไม่อยากตื่น อยากนอนต่อ,ได้เริ่มต้นวันใหม่,Relaxing,2,129
1,8:30:00,แต่งตัว,เสื้อยับ,ภาพลักษณ์ดี,Personal Care,5,129
2,8:30:00,ตื่นนอน,นอนยังไม่พอ อยากนอนต่อ,รู้สึกได้พักผ่อน,Relaxing,2,129
3,8:30:00,ดูแผนตู้เข้า,แผนมาช้ากว่าตู้,ได้ออกกำลังกายเดินไปตามงาน,Work,8,129
5,8:30:00,แต่งหน้า,,,Personal Care,5,129
6,8:30:00,ถึงที่ทำงาน เริ่มประชุมตอนเช้า (ด้วย MS Team),Session ที่ไม่ใช่ของตัวเองมีเยอะ,รู้เรื่องสำคัญ ในวัน ได้ประสานงานแนวทางทำงานในวันของทีม ระหว่างหน่วยงาน,meeting,10,129
8,8:30:00,ถึงที่ทำงาน,คล้ายจะขี้เกียจทำงาน,ได้ที่จอดรถในชั้นที่เดินเข้าตึกได้ง่าย,Work,8,129
9,8:30:00,กินอกไก่ไข่ต้ม คลีน (พ่อทำไว้ให้),จืด ไม่อร่อย เบื่อ,ได้สุขภาพ น้ำหนักไม่ขึ้น,Eating & Drinking,6,129
11,8:30:00,กินกาแฟ all cafe+ ครัวซอง,"ง่วง,หิว","ตาสว่าง,อิ่มท้อง",Eating & Drinking,6,129
13,8:30:00,ซื้อข้าวเหนียวไก่ปิ้งหน้าตึกที่ทำงาน,ช่วงเช้าเป็นช่วงเร่งรีบ กินข้าวไม่ทัน,ขึ้นไปแสกนนิ้วทัน,Eating & Drinking,6,129
14,8:30:00,ตื่นรอบที่ 2,ต้องตื่น เพราะต้องเรียน,ตื่นแล้ว ได้สติกลับมา,Relaxing,2,129
15,8:30:00,เช็ดทำความสะอาดโต๊ะ,ขี้เกียจทำ,โต๊ะทำงานสะอาด น่าทำงาน ,Work,8,129
16,8:30:00,ตื่นนอน,ง่วงนอน,,sleeping,0,129
21,8:30:00,เช็คอีเมล,กังวล งานเยอะ,วางแผนงานได้,Work,8,129
22,8:30:00,Garden,Idle stand in each area,,Relaxing,2,129
23,8:30:00,ซื้อกาแฟไปดื่มที่ทำงาน,ง่วง ไม่มีอารมณ์ทำงาน,กระตุ้นให้หายง่วง มีแรงทำงาน,Eating & Drinking,6,129
24,8:30:00,กินข้าวเช้า,,,Eating & Drinking,6,129
28,8:30:00,Shower,,Relax and clean,Personal Care,5,129
29,8:30:00,ประชุมกับแผนก maintenance support,ง่วง,ได้อัพเดตข่าวสารของโรงงาน,meeting,10,129
30,8:30:00,อาบน้ำ,สายแล้วต้องรีบอาบน้ำ,สะอาดสดชื่น ตื่นเต็มที่,Personal Care,5,129
31,8:30:00,Dry clothes,Get sweating,To finish task,Housework,9,129
21,8:31:00,Pick up friend,Waste oil,Come together,Commuting,4,129
0,8:35:00,อาบน้ำ,ยังอยากนอนต่อ,สดชื่น+สะอาด,Personal Care,5,130
15,8:35:00,เริ่มทำงาน อ่าน e-mail,ขี้เกียจอ่านเมล์ เพราะเมล์เยอะ,ได้รู้ความคืบหน้าของงาน,Work,8,130
21,8:35:00,ล้างจาน,จานเลอะเทอะ,บ้านสะอาด,Housework,9,130
4,8:40:00,ทานข้าวเช้า,หิว,อิ่ม,Eating & Drinking,6,131
13,8:40:00,นั่งกินข้าวตรงโซน kitchen,กินตรงโต๊ะทำงานจะทำให้ส่งกลิ่น,ไม่รบกวนคนอื่นได้กินอย่างสบายใจ,Eating & Drinking,6,131
14,8:40:00,ไปซื้อของกินที่ 7-11,หิว,มีพลังงานก่อนเริ่มเรียน,Eating & Drinking,6,131
16,8:40:00,อาบน้ำ,น้ำเย็น,สะอาด,Personal Care,5,131
7,8:45:00,เก็บของที่โต๊ะทำงาน แล้วออกไปกินข้าวเช้า,,อิ่ม พร้อมเริ่มงาน,Eating & Drinking,6,132
8,8:45:00,เดินไปร้านกาแฟ,ช่วงเวลาคนเยอะ ต่อคิวนาน,"เจอคู่รักใหม่มาแอบจิบกาแฟ , ได้ฟังเรื่องชาวบ้านที่เค้ามาเม้ามอยกัน , นึกงานออก",Eating & Drinking,6,132
15,8:45:00,ประชุมงานกับลูกน้องในทีม,ต้องเตรียมข้อมูลงานให้พร้อม ,สั่งงานให้ลูกน้องทำ แบ่งเบางานได้,meeting,10,132
18,8:45:00,ทำงาน Work from home,ไม่อยากทำงาน เพราะขี้เกียจ,,Work,8,132
21,8:45:00,เตรียมตัวประชุมตอนเช้า,-,เตรียมเรื่องคุยกับลูกน้อง,meeting,10,132
22,8:45:00,Coffee,Travel to have good coffee,,Eating & Drinking,6,132
29,8:45:00,ประชุมกับแผนก production,ยืนประชุม เมื่อยขา,ได้อัพเดตข้อมูลฝั่งการผลิต,meeting,10,132
21,8:46:00,Travel to coffee shop,,,Commuting,4,133
5,8:50:00,เดินออกจากคอนโด,,โชคดี คอนโดติด mrt เลยไม่ต้องเดินไกล,Commuting,4,134
27,8:50:00,เตรียมพร้อมเริ่มเรียนวิชาแรก,ยังไม่ได้ทานข้าวเช้า หิว,ได้ที่นั่งพร้อมปลั๊กไฟ,education,7,134
30,8:50:00,ขับรถไปทำงาน,เจอรถติดกับรถขับไม่มีมารยาท,ถึงที่บ้านไวเพราะไม่ต้องรอรถสาธารณะ ไม่เสียเวลา,Commuting,4,134
31,8:50:00,Have a tuna sandwich,,Get full stomuch,Eating & Drinking,6,134
5,8:55:00,ขึ้น mrt ไปทำงาน,,,Commuting,4,135
21,8:55:00,รดน้ำต้นไม้,ต้นไม้จะเฉา,ต้นไม้เติบโต,Housework,9,135
0,9:00:00,กินอาหาเช้า,ต้องสั่ง Delivery,อิ่มท้อง,Eating & Drinking,6,136
1,9:00:00,เดินทางไปทำงาน,รถติดระหว่างเดินทาง,ถึงที่ทำงานก่อนเวลางาน,Commuting,4,136
2,9:00:00,อาบน้ำ,หนาว,รู้สึกสะอาด สดชื่น,Personal Care,5,136
3,9:00:00,ทำ Label ติดงาน,เดินไปถ่ายเอกสารไกล,ได้ทำป้ายชี้บ่งให้กับงานรู้ง่าย,Work,8,136
4,9:00:00,ทำงาน ,งานเยอะ ,งานเสร็จ ,Work,8,136
6,9:00:00,ไปซื้อข้าวเช้า และกินข้าวเช้า,ขี้เกียจไปซื้อ บางครั้งเจอนาย,อิ่มท้อง,Eating & Drinking,6,136
9,9:00:00,เปิด MS Team เช็คอินการทำงาน,ขี้เกียจ,ได้เงินเดือน,Work,8,136
12,9:00:00,Start working,do the same things,Review things to do and had done,Work,8,136
13,9:00:00,Morning Talk,ลืม process ของงานและไม่ได้ update งานใหม่,ได้ปรึกษาจุดที่ติดขัดและได้สรุป workflow ทั้งหมดภายในทีม,Work,8,136
14,9:00:00,เริ่มเรียนออนไลน์,ยังง่วงนอนอยู่,ได้ความรู้ใหม่ ๆ,education,7,136
15,9:00:00,ประชุมงานกับหัวหน้าฝ่าย production,ง่วงนอน ,"ได้รู้ข้อมูลงานการผลิต
ได้อัพเดทงานที่ทำ
หาทางแก้ปัญหาที่เกิดขึ้น",meeting,10,136
16,9:00:00,แต่งตัว,ขี้เกียจเลือกเสื้อผ้า,,Personal Care,5,136
17,9:00:00,สั่งกาแฟผ่าน Food panda,ไม่มีเบเกอร์รี่จำหน่าย ผิดหวัง,ได้ส่วนลด และ 1 แถม 1,Eating & Drinking,6,136
18,9:00:00,เดินไปเก็บผ้าที่ตากไว้,ไม่อยากออกไปเก็บเพราะแดดร้อน,เสื้อผ้าถูกเก็บเป็นระเบียบ,Housework,9,136
19,9:00:00,ถึงที่ทำงาน,ไม่อยากทำงาน,,Work,8,136
21,9:00:00,ออกจากบ้าน,หัวหน้าให้ออกแม้WFH,แวะซื้อของระหว่างเดินทาง,Commuting,4,136
21,9:00:00,Morning meeting,-,ได้รู้ข้อมูลสำคัญ,meeting,10,136
21,9:00:00,ทำงาน,เหนื่อย เบื่อ,งานเสร็จ,Work,8,136
22,9:00:00,Team meeting,Always over time,,meeting,10,136
24,9:00:00,เริ่มทำงานประจำที่รัก,ขี้เกียจทำงาน,,Work,8,136
25,9:00:00,Take a shower,,Cleaned,Personal Care,5,136
26,9:00:00,ใช้ MS Team และ Line เป็นหลักในการทำงาน,"ปัญหาสัญญาณ Internet ไม่แรงพอ  การ call, meeting สะดุด
สิ่งแวดล้อมมีเสียงรบกวน  ขาดสมาธิในการทำงาน",การประชุมสามารถรองรับคนจำนวนได้มากขึ้นกว่าเดิม  จากเดิมที่ต้องหาห้องประชุมให้พอกับจำนวนคน,Work,8,136
27,9:00:00,เรียนวิชาแรก,แอร์ที่ร้านหนาวมาก,ได้ความรู้ ความคิดเห็นจากอาจารย์และเพื่อนร่วมห้อง ไม่เหงา สนุก,education,7,136
28,9:00:00,Conference meeting,Very sleepy,,meeting,10,136
29,9:00:00,เตรียมข้อมูลประชุมจากฝั่ง production ไปยังแผนกซ่อมบำรุง,จดข้อมูลเยอะ,มีข้อมูลไว้ประชุม,meeting,10,136
31,9:00:00,Take online class,Headache,Get knowledge,Education,7,136
32,9:00:00,ถึงที่ทำงาน,ถ้ารถติดก็ถึงช้ากว่าปกติ,ถ้ารถไม่ติด มีเวลาซื้อของกินก่อนทำงาน,Work,8,136
21,9:01:00,On-line study,Lazy,Get new knowledge,Education,7,136
9,9:05:00,เปิดอีเมล์ ตอบเมล์ Support ลูกค้า,ขี้เกียจคุย โดนลูกค้าโวยวายใส่,ได้เงินเดือน,Work,8,137
7,9:10:00,เริ่มทำงาน เช็ค Email,Email ค้างเยอะ,,Work,8,138
21,9:10:00,ขึ้นรถไฟฟ้าไปทำงาน,บ้านไกลจากที่ทำงาน,ได้แวะระหว่างทางบ้าง,Commuting,4,138
30,9:10:00,ถึงที่ทำงาน เริ่มทำงาน,ถึงที่ทำงานสาย,ได้เจอได้คุยกับเพื่อนที่ทำงาน,Work,8,138
1,9:15:00,ถึงที่ทำงาน,คนรอเข้าตึกเยอะ,สาวๆให้ส่องเยอะ,Work,8,140
16,9:15:00,กินข้าวเช้า,ยังไม่หิว,ไม่ปวดท้อง,Eating & Drinking,6,140
18,9:15:00,ทำงาน Work from home,ใช้สมองเยอะเพราะต้องคิดงาน,งานถูกวางแผน,Work,8,140
25,9:20:00,Eat breakfast,I bored because of eating scramble egg and bread again,,Eating & Drinking,6,141
1,9:30:00,กินข้าวเช้า,หิว,อิ่ม,Eating & Drinking,6,143
5,9:30:00,ถึงออฟฟิต,,,Commuting,4,143
6,9:30:00,agile meeting กับ top 3 project,ประชุมบ่อยเกินไป (ทุกวัน) ไม่ค่อยมีไรอัพเดท,ได้รู้สเตตัสของโปรเจคในภาพรวม,meeting,10,143
8,9:30:00,ประชุมกับผู้บริหาร,หาข้อสรุปไม่ได้,ทุกคนมีข้อเสนอแนะเยอะมาก,meeting,10,143
11,9:30:00,เริ่มทำงาน (work from home),แค่คิดก็เหนื่อย,ได้เคลียร์งาน,Work,8,143
13,9:30:00,เริ่มทำงาน,งานค้างยังไม่เสร็จ,งานเสร็จตาม requirement,Work,8,143
16,9:30:00,ล้างจาน,ขี้เกียจ,จานสะอาด,housework,9,143
21,9:30:00,ทำงาน,-,-,Work,8,143
22,9:30:00,Clear emails & admin tasks,Email composition takes time,Notify to colleages and partners,Work,8,143
28,9:30:00,Order coffee on grab delivery,Lose focus at the meeting,feel happy,Eating & Drinking,6,143
32,9:30:00,ทำงาน,ระบบล่มจะยุ่งหนักมาก,,Work,8,143
5,9:34:00,ซื้อกาแฟ,ถ้าไม่กินรู้สึกง่วงนอน เพราะติดแล้ว,,Eating & Drinking,6,144
25,9:35:00,Read a book,,Today I read the story about how to do gardening ,Education,7,145
10,9:37:00,กินข้าวเช้า,เบื่อรสชาดอาหารเดิมๆ,ควายความหิวได้,Eating & Drinking,6,145
16,9:40:00,เดินทางไปทำงาน,ง่วงนอน,ถึงที่ทำงาน,Commuting,4,146
21,9:40:00,ถึงที่ทำงาน,กลัว covid-19,ได้เจอเพื่อนร่วมงาน,Commuting,4,146
29,9:40:00,ประชุมวางแผนการทำงานในวันนี้กับแผนกซ่อมบำรุง,วางแผนยาก เพราะเป็น immediate action,ได้จัด priority ของงาน,meeting,10,146
1,9:45:00,ซื้อกาแฟ,ง่วงนอน,ตื่นตัวเมื่อได้ดื่มกาแฟ,Eating & Drinking,6,147
5,9:45:00,เช็คอีเมล วางแผนงานที่จะทำ,,,Work,8,147
15,9:45:00,ไปกินกาแฟ,ไม่กินแล้วง่วงนอน ขี้เกียจทำงาน,สดชื่น ,Eating & Drinking,6,147
0,10:00:00,เดินทางด้วย BTS ไปทำงาน,ราคาสูง,เดินทางสะดวกสบาย,Commuting,4,151
1,10:00:00,เริ่มงาน,ไม่มี Passive income,ได้เงินเดือนตอนปลายเดือน,Work,8,151
2,10:00:00,Meeting,หาข้อสรุปไม่ได้,ทุกคนมีความเข้าใจในทางเดียวกัน,meeting,10,151
3,10:00:00,ตรวจสอบงานที่ลงตู้,ชอบมองข้ามงานบางงาน,ให้รับรู้ว่างานมาครบ,Work,8,151
5,10:00:00,ประชุม,,,meeting,10,151
6,10:00:00,เริ่ม Focus งาน,ชอบมีสายเข้ามา กวน,ได้ความคืบหน้าของงาน,Work,8,151
7,10:00:00,ประชุมผ่าน MS Team,,สามารถคุยกับทีมที่ต่างประเทศได้สะดวก,meeting,10,151
9,10:00:00,สกรัมผ่าน MS Team,ได้งานเพิ่ม ,ได้แก้ไขปัญหา ได้แชร์งานที่ทำ,Work,8,151
10,10:00:00,ประชุมกับผู้บริหาร,ต้องอธิบายงานให้ผู้บริหารฟัง,ผู้บริหารได้เห็นผลงานของเรา,meeting,10,151
11,10:00:00,เคลียร์งาน,เริ่มล้า เมื่อยนิ้ว+มือ,"ได้เคลียร์งาน,งานเสร็จ,มีงานส่ง",Work,8,151
15,10:00:00,ทำรีพอต,ขี้เกียจทำ น่าเบื่อ,ทำงานเสร็จส่งทันกำหนด,Work,8,151
17,10:00:00,ประชุมนำเสนองาน,ได้รับผิดชอบงานเพิ่ม,ได้รับคำชมจากเจ้านาย,meeting,10,151
21,10:00:00,ประชุม,เครียด มีข้อถกเถียงไม่จบ,ได้ข้อสรุป,meeting,10,151
22,10:00:00,Deal with customers,Customer cannot talk,More understanding to close sales,Work,8,151
25,10:00:00,go to GYM,Muscle pain,"more strength for my body, Healthier",Sports,3,151
29,10:00:00,ทำงานตามแผนที่วางไว้,เหนื่อย,เริ่มจัดการงานตามแผน,Work,8,151
31,10:10:00,Answer wrong quiz,cannot follow the lesson,,Education,7,153
0,10:30:00,ถึงที่ทำงาน เริ่มทำงาน,,เป็นช่วงที่พร้อมทำงานที่สุด,Commuting,4,158
9,10:30:00,วิเคราะห์ สรุปเอกสาร Requirement,ขี้เกียจ คิดเยอะ ปวดสมอง,ได้เงินเดือน ได้เข้าใจ Business,Work,8,158
13,10:30:00,ไปรับ requirement ใหม่จาก user,output งานไม่ตรงกับความต้องการของ user,งานเสร็จได้ตรงเวลา ไม่ต้องแก้งานบ่อย,Work,8,158
19,10:30:00,กินกาแฟ,ง่วง,สดชื่น หายง่วง,Eating & Drinking,6,158
23,10:30:00,อัพรูปตอนเที่ยวลง facebook,อยากไปเที่ยว แต่ติดช่วง COVID ทำให้ไปไม่ได้,สบายใจ แก้เบื่อ,Relaxing,2,158
24,10:30:00,คั้นน้ำส้ม ทำ Black orange coffee,,สดชื่น มีแรงทำงาน,Eating & Drinking,6,158
30,10:30:00,พักเบรค กินแซนวิช,ไม่อิ่ม,ได้พัก 10 นาที,Eating & Drinking,6,158
16,10:40:00,ทำงาน,น่าเบื่อ,ได้เงิน,Work,8,161
2,11:00:00,ทำงาน,แก้งานจุดเดิมเพิ่ม,สนุกที่ได้ทำงานต่างๆ,Work,8,166
11,11:00:00,meeting team (update sprint plan),เหนื่อย,"ได้ update งาน , ได้คุยกับทีม",meeting,10,166
15,11:00:00,เข้าไลน์การผลิต เพื่อดูเครื่องจักร,เสียงดัง เมื่อยเพราะยืนทำงาน,ทดสอบเครื่องจักรและแก้ไขปัญหาได้ทันที,Work,8,166
21,11:00:00,ทำงาน,เหนื่อย เบื่อ,งานเสร็จ,Work,8,166
22,11:00:00,Solve and sourcing,A lot of products and services,A fit solution for budget and tech.,Work,8,166
24,11:00:00,ทำงาน(ต่อ),,,Work,8,166
29,11:00:00,เดินไปดูสภาพการทำงานของเครื่องจักร,ร้อน ฝุ่นเยอะ,ทราบสภาพการณ์ของเครื่องจักร,Work,8,166
13,11:15:00,ทำงานที่ได้รับมอบหมาย,งานยังไม่เสร็จ,งานมี progress,Work,8,170
7,11:30:00,กินข้าวเที่ยง,กินอะไรดี,เพื่อนช่วยคิดร้าน,Eating & Drinking,6,173
8,11:30:00,ประชุมเลิก กลับมาที่โต๊ะทำงาน,เริ่มหิว,ประชุมกลุ่มย่อย หาร้านกินข้าวกลางวัน,meeting,10,173
20,11:30:00,Lunch time,Feeling bored with the same menu,,Eating & Drinking,6,173
29,11:30:00,พักเที่ยงกินข้าว,หิว,อิ่มท้อง,Eating & Drinking,6,173
8,11:40:00,ออกไปทานข้าวกลางวัน,อิ่มเกินไป,"ได้กินของอร่อย , ได้ข้อสรุปงานที่คิดไม่ออกเมื่อวันก่อน",Eating & Drinking,6,176
32,11:40:00,สั่งข้าวกลางวัน,ค่าส่งแพง,ไม่ต้องเดินตากแดดลงไปกิน,Eating & Drinking,6,176
21,11:45:00,ออกไปทานข้าวเที่ยง,"ขี้เกียจขับรถ, รถติด",รู้สึกผ่อนคลายเมื่อออกไปข้างนอก,Eating & Drinking,6,177
3,12:00:00,พักเที่ยง,หิว,หายหิว,Eating & Drinking,6,181
4,12:00:00,ทานข้าวเที่ยง,หิว,อิ่ม,Eating & Drinking,6,181
5,12:00:00,ไปกินข้าวที่ foodcourt,มีร้านให้เลือกน้อยลง เพราะโควิด คนเข้าออฟฟิตน้อย,,Eating & Drinking,6,181
6,12:00:00,ออกไปกินข้าว,ขับรถออกไปกิน เปลืองน้ำมัน + แดดร้อน,กับข้าวอร่อยกว่าโรงอาหาร,Eating & Drinking,6,181
10,12:00:00,กินข้างเที่ยง,เบื่อรสชาดอาหารเดิมๆ,ควายความหิวได้,Eating & Drinking,6,181
11,12:00:00,เปิดตู้เย็น (หาอาหารทาน) พักเที่ยง,ไม่รู้นะกินอะไร,ได้เดินลงมาพัก,Eating & Drinking,6,181
12,12:00:00,Have lunch,"bored the same menu, and lazied to order food",gain energy,Eating & Drinking,6,181
13,12:00:00,กินต้มยำทะเลไข่เจียวกับข้าวเปล่า,กินอาหารอย่างเดียวไม่อิ่ม,อิ่มมากขึ้นเพราะเพิ่มไข่เจียว,Eating & Drinking,6,181
14,12:00:00,เลิกเรียน,เหนื่อยแล้ว หิวด้วย,ได้พัก,education,7,181
15,12:00:00,กินข้าวกลางวันที่โรงอาหาร,น่าเบื่อ เมนูซ้ำซาก,ราคาไม่แพง ไม่ต้องออกไปข้างนอก,Eating & Drinking,6,181
17,12:00:00,รับประทานอาหารกลางวัน,อาหารไม่ถูกปาก,ที่ทำงานเลี้ยงข้าว อิ่มจัง ตังอยู่ครบ,Eating & Drinking,6,181
18,12:00:00,ออกไปกินข้าวใต้คอนโด,ต้องเจอฝุ่น PM2.5,ได้กินอาหารตามสั่งที่อยากกิน,Eating & Drinking,6,181
19,12:00:00,กินข้าวเที่ยง,อยากกินบุฟเฟ่ แต่ไปกินไม่ได้เวลาน้อยไป,ท้องอิ่ม,Eating & Drinking,6,181
20,12:00:00,Play ROV with friend,,Relax with the game,gaming,1,181
21,12:00:00,กินอาหารกลางวัน,หิว,เม้ามอยด์กับทีม,Eating & Drinking,6,181
22,12:00:00,Lunch,Hot outside but wanna be outside,,Eating & Drinking,6,181
23,12:00:00,สั่งอาหารเที่ยงผ่าน Food panda,ไม่อยากออกไปซื้อเอง แถวที่ทำงานไม่มีร้านอร่อย อากาศร้อน กลัว COVID,ได้กินอาหารที่อยากกินทันพักเที่ยง,Eating & Drinking,6,181
24,12:00:00,ทำกับข้าว,ไม่อยากกินคลีน ไม่อร่อย,"Low sodium,sugar",Eating & Drinking,6,181
25,12:00:00,Lunch time,,I'm full because of Pizza I bought from Italian Restaurant,Eating & Drinking,6,181
26,12:00:00,ออกไป ทานข้าวที่ cosmo bazaar,เสียเวลาเดินทางช่วงพักเที่ยง  แม้จะใช้เวลาแค่ 20 นาที  ,มีอาหารอร่อยๆให้เลือกเยอะ,Eating & Drinking,6,181
27,12:00:00,ทานข้าวเที่ยง,ร้านอาหารเยอะเลือกไม่ถูก,คนน้อยไม่ต้องรอนาน,Eating & Drinking,6,181
28,12:00:00,Lunch,Do not hungry but have to eat,filling,Eating & Drinking,6,181
29,12:00:00,ไปร้านกาแฟ กินกาแฟ,ง่วง,พักผ่อน,Eating & Drinking,6,181
30,12:00:00,กินอาหารกลางวัน,ไม่รู้จะกินอะไรดี,พักจากการทำงาน อิ่ม,Eating & Drinking,6,181
31,12:00:00,Do homework,,Skill development,Education,7,181
14,12:10:00,ออกไปหาอะไรกิน,ขี้เกียจออกไปข้างนอก,ได้รับอากาศดี ๆ,Eating & Drinking,6,183
32,12:10:00,ลงไปซื้อกาแฟ,บางวันถ้าไม่กิน ตอนบ่ายจะง่วง,,Eating & Drinking,6,183
29,12:15:00,พูดคุยตามอัธยาศัยกับทีมงาน,เหนื่อย,สนุกสนาน,Work,8,184
13,12:25:00,คุยแลกเปลี่ยนกับคนในทีม,ตอนทำงานบางทีบรรยากาศตรึงเครียด,ได้ relax และพูดคุยนอกจากเรื่องงานกับคนในทีม,Work,8,187
7,12:30:00,ไปร้านกาแฟ,,เติมความหวานให้ชีวิต,Eating & Drinking,6,188
11,12:30:00,ออกไปสั่งอาหารตามสั่ง,"ร้อน,ฝุ่นเยอะ,ลำบาก","ได้กินอาหารอร่อย, อิ่มท้อง",Eating & Drinking,6,188
15,12:30:00,นั่งคุยกับเพื่อนร่วมงาน,อยากนอน,พักผ่อน สนุก คลายเครียด,Work,8,188
17,12:30:00,แอบงีบ,ที่นอนไม่ค่อยสบายเพราะนอนที่โต๊ะทำงาน,พักผ่อน,sleeping,0,188
19,12:30:00,กลับมาทำงาน(ต่อ),ท้องอิ่มละง่วง,,Work,8,188
20,12:30:00,Continue working,Hard working to deal with plant member,,Work,8,188
21,12:30:00,กลับเข้ามาโรงงาน,-,-,Eating & Drinking,6,188
24,12:30:00,กินข้าวกลางวัน,,,Eating & Drinking,6,188
29,12:30:00,หมดเวลาพัก กลับไปทำงานต่อ,หมดเวลาพักผ่อน,จัดการงานต่อ,Work,8,188
31,12:30:00,Have lunch at baan somtum,waiting queue so long,update status by posting ig stories,Eating & Drinking,6,188
5,12:40:00,ไปเซเว่น ซื้อน้ำยันฮี ,อยากกินน้ำหวาน แต่กลัวน้ำตาลเกิน,ซื้อน้ำวิตามินแทน เพราะอย่างน้อยก็มีกลิ่น,Eating & Drinking,6,191
14,12:40:00,อาบน้ำ,ร้อน,ตัวเย็นขึ้น,Personal Care,5,191
21,12:40:00,นั่งสมาธิ,-,คลายเครียจจากการทำงาน,Relaxing,2,191
3,12:45:00,งีบ,งีบไม่ค่อยหลับ,ได้พักผ่อนเต็มที่,sleeping,0,192
13,12:50:00,ซื้อกาแฟ,ง่วงตอนบ่าย,ลดอาการง่วงในขณะทำงาน,Eating & Drinking,6,193
14,12:50:00,กินข้าว,พลังงานหมด,อิ่ม,Eating & Drinking,6,193
24,12:50:00,ล้างจาน,,,Housework,9,193
0,13:00:00,กินอาหาเที่ยง,มีร้านให้เลือกน้อย,พักจากการทำงาน และอิ่มท้อง,Eating & Drinking,6,196
2,13:00:00,ทานมื้อเที่ยง,ทานเมนูเดิม,อิ่ม,Eating & Drinking,6,196
3,13:00:00,ช่วยลูกน้องเรียงงาน,ปวดหลัง,งานเรียบร้อย ได้ออกกำลังกาย,Work,8,196
5,13:00:00,ทำงาน,,,Work,8,196
6,13:00:00,ไปร้านชาไข่มุก,อ้วน,อร่อย มีความสุข,Eating & Drinking,6,196
7,13:00:00,กลับมาทำงาน,ง่วงเพราะกินเยอะ,,Work,8,196
9,13:00:00,สั่งข้าวผ่าน Line man,ไม่รู้จะกินอะไรดี,ไม่ต้องออกไปหาซื้อ,Eating & Drinking,6,196
10,13:00:00,เริ่มทำงาน,เบื่อที่เห็นงานค้าง,ได้จักการงานที่ค้างของเมื่อวานให้เสร็จ,Work,8,196
12,13:00:00,Continue working,do the same things,,Work,8,196
13,13:00:00,เริ่มทำงานรอบบ่าย,งานยังไม่เสร็จ,งานมี progress มากขึ้น,Work,8,196
14,13:00:00,เริ่มเรียน,ไม่มี,ได้ความรู้ใหม่ ๆ,education,7,196
15,13:00:00,เข้าห้องน้ำ แปรงฟัน,ขี้เกียจแปรงฟัน,ลมหายใจสดชื่น มั่นใจที่คุยกับคนอื่น,Personal Care,5,196
16,13:00:00,ทำงาน,น่าเบื่อ,ได้เงิน,Work,8,196
17,13:00:00,เริ่มงานช่วงบ่าย เปิด PO,PR ผิดเยอะมาก ,,Work,8,196
21,13:00:00,ทำงาน,เหนื่อย เบื่อ,งานเสร็จ,Work,8,196
21,13:00:00,ซื้อชาไข่มุก,อยากกินน้ำหวาน,อารมณ์ดี,Eating & Drinking,6,196
22,13:00:00,Follow up partners,Long talk but less conclusion,Better delivery and services,Work,8,196
24,13:00:00,เริ่มงานช่วงบ่าย,,,Work,8,196
25,13:00:00,go shopping,Lose money,I pay what I want,Shopping,12,196
26,13:00:00,ไปนั่งทำงานช่วงบ่ายที่ Co-Working Space,คนเยอะ เสียงดัง วุ่นวาย เสียค่าเครื่องดื่ม อาหารในการใช้สถานที่ ไม่ใช่ทุกที่นั่งที่จะมีปลั๊ก  ต้องเดินหาที่นั่งที่เหมาะสมในการนั่งทำงาน,Wifi แรง มีที่นั่งเยอะ บรรยากาศดี  พื้นที่กว้าง  การตกแต่งสวย,Work,8,196
27,13:00:00,เรียนวิชาสอง พร้อมกับทำการบ้านวิชาอื่น,ง่วงนอนมาก ไม่เข้าใจเนื้อหา,ได้มีเวลาทำการบ้านเพิ่ม,education,7,196
28,13:00:00,Team work in progress conference,,Happy to see work progress,Work,8,196
29,13:00:00,เดินไปซื้อน้ำหวานมากิน,ง่วง เพลีย,สดชื่น,Eating & Drinking,6,196
30,13:00:00,เข้างานช่วงบ่าย,อยากพักต่อ,ทำงานที่ค้างอยู่ให้เสร็จ,Work,8,196
32,13:00:00,ทำงาน,,,Work,8,196
21,13:01:00,Make homework,Lazy,,Education,7,196
9,13:11:00,เช็ค Facebook Instragram,ไม่รู้จะดูอะไร เลื่อนไปเรื่อยๆ เสียเวลา,รู้เรื่องชาวบ้าน อัพเดทเทรน,Relaxing,2,198
15,13:11:00,เตรียมข้อมูลไปประชุมกับลูกค้า,ง่วงนอน น่าเบื่อ,ได้อัพเดทข้อมูลกับลูกค้า,meeting,10,198
8,13:15:00,ทำงาน,กินเยอะ เริ่มง่วง,ได้งานแน่นอน,Work,8,199
21,13:15:00,ทำงาน,งานค้าง,งานมี progress,Work,8,199
29,13:15:00,ทำงานต่อ,งานยังเหลือเยอะ,งานเสร็จเป็นอย่างๆ,Work,8,199
4,13:30:00,ทำงาน ,งานเยอะ ,งานเสร็จ ,Work,8,203
6,13:30:00,กลับเข้ามาทำงาน,เริ่มง่วง (กินเยอะ),ได้ความคืบหน้าของงาน,Work,8,203
21,13:30:00,ดื่มกาแฟที่แม่บ้านชงให้,ไม่ค่อยอร่อย,ฟรี,Eating & Drinking,6,203
26,13:30:00,ประชุมผ่าน MS Team,ไม่สามารถพูดเสียงดัง หรือเปิดลำโพงได้ ต้องใช้หูฟังหลายแบบ ทั้งต่อคอม ต่อไอโฟน และต้องพกสายชาร์จโน้ตบุค ชาร์จไอโฟน ชาร์จไอแพด ต้องขนอุปกรณ์เยอะมาก,มีสมาธิในการทำงาน ไม่สะดุด,meeting,10,203
9,13:40:00,กินข้าว,กินอิ่มง่วงนอน อ้วน,อิ่ม,Eating & Drinking,6,206
0,13:45:00,กินกาแฟ,,รู้สึกตื่นพร้อมทำงานสำหรับช่วงบ่าย,Eating & Drinking,6,207
15,13:51:00,เดินไปห้องประชุม,ร้อน และเดินไกล,ได้ไปประชุมตามตรงเวลา,meeting,10,208
0,14:00:00,เริ่มทำงานช่วงบ่าย,อยากพักต่อ,ได้เริ่มทำงานที่ค้างอยู่ให้เสร็จ,Work,8,211
1,14:00:00,กินข้าวเที่ยง,หิว,อิ่ม,Eating & Drinking,6,211
2,14:00:00,ทำงาน,แก้งานจุดเดิมเพิ่ม,สนุกที่ได้ทำงานต่างๆ,Work,8,211
3,14:00:00,ตรวจสอบงานขาเข้า,ปวดตา ปวดคอ,ได้รู้ว่างานมาครบจริงไหม,Work,8,211
6,14:00:00,จังหวะปวดฉี่,ขี้เกียจเดินไปห้องน้ำ,โล่ง,Personal Care,5,211
8,14:00:00,ประชุมกับหน่วยาน,หาข้อสรุปไม่ได้,บริษัทจ้างมาประชุม อย่างน้อยก็มีงานทำ,meeting,10,211
11,14:00:00,เคลียร์งาน,"เริ่มง่วง,VPN ช้า, Query Data slow response","งานเสร็จ,มีเวลาทำการบ้าน",Work,8,211
12,14:00:00,Brew coffee,,make fresh and awake,Eating & Drinking,6,211
15,14:00:00,ประชุมกับลูกค้า,ลูกค้าเรื่องมาก ,ทำงานให้ลูกค้า ได้ความประทับใจ,meeting,10,211
16,14:00:00,กินข้าวเที่ยง,ร้านไม่ค่อยเปิดต้องสั่งdelivery,อิ่ม,Eating & Drinking,6,211
17,14:00:00,สั่งกาแฟแก้วที่ 2 ผ่าน Grab Food,,ได้ส่วนลด 25%,Eating & Drinking,6,211
18,14:00:00,ทำงาน Work from home,ใช้สมองเยอะเพราะต้องคิดงาน,งานเสร็จตามเป้าหมาย,Work,8,211
22,14:00:00,Coordinate meeting,Listen a lot for little progress,,meeting,10,211
29,14:00:00,ติดตามสถานะงานของวันนี้ ตามแผนที่ได้วางไว้,ดู progress งานกับแผน,ควบคุมเวลาได้,Work,8,211
31,14:00:00,Try coffee at Horme café,,update status by posting ig stories,Eating & Drinking,6,211
21,14:01:00,Travel to Laksi condo,Traffic jam,,Commuting,4,211
6,14:05:00,ทำงานต่อ,-,ได้ความคืบหน้าของงาน,Work,8,212
31,14:10:00,Online horoscope,Get shock and stress from the prophecy,talk to friend,Relaxing,2,213
1,14:31:00,ซื้อของกินเล่นเพิ่มเติม,อยากกิน,หายอยาก,Eating & Drinking,6,218
6,14:31:00,เปิด Streaming ดูหุ้นไทย,เสียสมาธิในการทำงาน,ได้ดูความเป็นไปของตลาดหุ้น,education,7,218
9,14:31:00,ออกไปซื้อของทำขนม,ต้องเดินทาง ไปแล้วได้มากกว่าที่ List ไว้,ได้ของตามที่เราต้องการ เลือกเองได้ ถูกใจ หาของทดแทนได้,Shopping,12,218
19,14:31:00,เติมกาแฟ,ง่วง ,สดชื่น หายง่วง,Eating & Drinking,6,218
6,14:36:00,ทำงานต่อ,-,ได้ความคืบหน้าของงาน,Work,8,220
21,14:46:00,Take a lunch,Hungry,Full,Eating & Drinking,6,222
1,15:00:00,เรื่มงานบ่าย,มีงานค้างจากตอนเช้า,เคลียงานเสร็จก่อนเลิกงาน,Work,8,226
2,15:00:00,Meeting,หาข้อสรุปไม่ได้,ทุกคนมีความเข้าใจในทางเดียวกัน,meeting,10,226
5,15:00:00,ฟังหัวหน้าบรีฟงาน,,,Work,8,226
8,15:00:00,จิบกาแฟยามบ่าย,กินกาแฟตอนนี้ น่าจะไม่ได้นอน,ตาค้าง มีเอเนอยี่สูง พร้อมทำงานต่อ,Eating & Drinking,6,226
11,15:00:00,meeting  (with with  marketing team),"กดดันเล็กน้อย,เหนื่อย,สื่อสารกันลำบาก(เนื่องจาก WFH)",ได้รู้จักกับทีมอื่นมากขึ้น,meeting,10,226
12,15:00:00,Feel sleepy,don't know why coffee can't help,,sleeping,0,226
13,15:00:00,ประชุม,Project มีความซับซ้อน,เข้าใจ Scope งาน,meeting,10,226
15,15:00:00,ประชุมกับทีมงาน New product,รายละเอียดเยอะ กดดัน,ได้เรียนรู้ product ใหม่ๆ ,meeting,10,226
17,15:00:00,ติดต่อแผนกบัญชีรับเงิน,เสียเวลาต้องเดินไปรับเอง น่าจะโอนคืน,ได้รับเงิน,Work,8,226
21,15:00:00,รับประทานอาหารว่าง,หิว กินแก้เบื่อ,อิ่ม อารมณ์ดี,Eating & Drinking,6,226
25,15:00:00,arrive home,,,Commuting,4,226
26,15:00:00,สั่งน้ำ ขนมของร้านมานั่งกินระหว่างทำงาน,แพง,อร่อย,Eating & Drinking,6,226
28,15:00:00,Working on presentation,,Feel productive,Work,8,226
29,15:00:00,สรุปผลสถานะการทำงานของวันนี้ ว่าตามแผนหรือไม่,เร่งงานให้เสร็จตามแผน,ปิดงานของวันนี้,Work,8,226
0,15:16:00,ประชุมทีมย่อย,,สรุปงานที่จะทำประจำวัน,meeting,10,230
8,15:16:00,ทำงาน,,,Work,8,230
21,15:16:00,Pick up order,,Delicious food,Eating & Drinking,6,230
25,15:16:00,Watch Netflix,,watching series that I can't watch during Mon- Fri,Relaxing,2,230
8,15:30:00,ประชุม,ได้ข้อสรุปจากการประชุมเรื่องเดิมใน ครั้งที่ 3,ได้ข้อสรุป,meeting,10,233
21,15:30:00,ชงกาแฟ,ง่วง เมื่อย,เดินยืดเส้นยืดสาย,Eating & Drinking,6,233
0,15:45:00,ประชุมทีมใหญ่,,สรุปรายละเอียดระหว่างทีม,meeting,10,237
21,15:45:00,ทำงานต่อ,งานค้าง,งานเกือบเสร็จ,Work,8,237
24,15:45:00,ส่งงานเจ้านายครบตามกำหนด,,ทำงานดี ไม่ต้องตามแก้อีก,Work,8,237
21,15:46:00,Travel to Home,,Meet family,Commuting,4,237
2,16:00:00,ทำงาน,แก้งานจุดเดิมเพิ่ม,สนุกที่ได้ทำงานต่างๆ,Work,8,240
5,16:00:00,ทำงานต่อ,,,Work,8,240
9,16:00:00,ทำขนม,ยืนนาน เฝ้าตู้อบเพื่อดูสีของขนม เสียเวลาในการเฝ้าไปโดยเปล่าประโยชน์,สร้างรายได้เสริม สร้างภาพพจน์บน Social,Work,8,240
14,16:00:00,เรียนเสร็จแล้ว,ไม่มี,ได้พัก,education,7,240
15,16:00:00,เดินกลับออฟฟิต,เหนื่อย และ ร้อน,เดินออกกำลังกาย ,commuting,4,240
17,16:00:00,ไปห้อง MD เซ็นต์เอกสาร,ไม่มีเวลาทำงานอื่นเพิ่มเติม,พูดคุยกันแลกเปลี่ยนความคิด,Work,8,240
24,16:00:00,หาข้อมูลต้นไม้ เตรียมเปิดเพจ เฌอ'ตอม,,ลูกค้าชอบ แย่งกันซื้อ,Work,8,240
27,16:00:00,"เล่นมือถือ Facebook, Instagram, Shopee",เสียเวลาไปโดยไม่ได้สาระความรู้เพิ่มเติม,ผ่อนคลาย เพลิดเพลิน ไม่เครียด,Relaxing,2,240
29,16:00:00,เลิกงาน เดินทางกลับบ้าน,เบื่อการขับรถ,จบงานของวัน,Commuting,4,240
14,16:01:00,เปิด LINE MAN หาของกินแล้วก็ปิดไป,มีร้านเยอะไปหมด แต่ไม่รู้จะกินอะไรดี,ไม่ได้อะไรเลย,Eating & Drinking,6,241
21,16:01:00,ทำงาน,เบื่อ งานด่วนมักมาใกล้เลิกงาน,งานเสร็จ,Work,8,241
21,16:01:00,Take a rest,,,Relaxing,2,241
15,16:16:00,พักกินขนม,เปลืองเงิน และ อ้วน,พักสมอง พักผ่อน,Eating & Drinking,6,244
15,16:25:00,ทำงานสรุปรีพอตการประชุม,เหนื่อย,ได้จัดลำดับความสำคัญของงาน,meeting,10,247
6,16:30:00,ขับรถออกจากที่ทำงาน,รถติด,ฟัง Podcast/เพลง,Commuting,4,248
8,16:30:00,ทำงาน,,,Work,8,248
13,16:30:00,ทำงานต่อ,งานยังไม่เสร็จ,งานเสร็จทันเวลา,Work,8,248
23,16:30:00,เลิกงาน เดินกลับห้อง,แดดร้อน คนค่อนข้างเยอะ,ได้กลับบ้านเร็ว,Commuting,4,248
14,16:33:00,สอนเพื่อนทำการบ้าน,เพื่อนติดปัญหาการบ้าน,เพื่อนทำการบ้านเสร็จ,education,7,249
29,16:41:00,ถึงบ้าน นั่งพักผ่อนดูทีวี,เหนื่อย,พักผ่อน,Relaxing,2,251
3,17:00:00,พักเบรค,นั่งว่าง,ผ่อนคลาย,Relaxing,2,255
6,17:00:00,ถึงบ้าน ไปให้อาหารนกแก้ว,ร้องเสียงดัง รำคาญ,เอ็นดูนกแก้ว,Family activities,11,255
7,17:00:00,เลิกงาน นั่งรอเพื่อนไปกินข้าวเย็นด้วยกัน,หิว,ได้งานเพิ่มขึ้นช่วงรอเพื่อนเลิกงาน,Eating & Drinking,6,255
11,17:00:00,order food delivery (grab food),"เมนูเยอะเลือกยาก,ไม่รู้กินไรดี,รออาหารช้า",ได้กินอาหารที่อยากกินใหม่,Eating & Drinking,6,255
15,17:00:00,เข้าไลน์การผลิต เพื่อเทสตัวงานให้ลูกค้า,เบื่อกับปัญหาเดิมๆ,ทำงานตามที่ลูกค้าสั่งได้เสร็จ,Work,8,255
17,17:00:00,เลิกงานกลับบ้าน,,มีความสุขงานเสร็จเรียบร้อย,Work,8,255
20,17:00:00,Finish working,,Feel happiness (Specially Friday),Work,8,255
21,17:00:00,ประชุม,ไม่เข้าใจงานที่ได้รับมอบหมาย,เข้าใจงาน สามารถทำงานที่ได้รับได้,meeting,10,255
22,17:00:00,Clear office tasks,A lot of call for next steps,,Work,8,255
23,17:00:00,แวะซื้อของกินที่ 7-11,หิว หาอะไรรองท้องก่อนออกกำลังกาย,กินแล้วมีแรงออกกำลังกาย,Eating & Drinking,6,255
24,17:00:00,กินข้าวเย็น,,,Eating & Drinking,6,255
31,17:00:00,Suanluang Park,Frustrate from overcrowded,,Sports,3,255
32,17:00:00,ประชุมสรุปเคสประจำวัน,เคสเยอะ ลากยาว ,รู้แผน ที่จะทำในวันถัดไป,meeting,10,255
21,17:01:00,ขับรถกลับบ้าน,เบื่อรถติด,ถึงบ้านโดยสวัสดิภาพ,Commuting,4,256
21,17:01:00,Play football,Tried,Strong,sports,3,256
8,17:16:00,คุยกับเพื่อนร่วมงาน เย็นนี้ไปร้านไหนดี,เพื่อนงานยังไม่เสร็จ ดองไว้เยอะ,ได้ร้านที่จะไป,Work,8,259
21,17:20:00,ทำงาน,-,-,Work,8,260
24,17:20:00,เดินดูต้นไม้+ถ่ายรูป,,ลง Social เกร๋ๆ,Relaxing,2,260
2,17:30:00,Shopping,ช๊อปเพลิน กระเป๋าเบาเลย,ได้ซื้อของ คลายความเครียด,Shopping,12,263
3,17:30:00,มาเรียงงานที่เหลือ,ปวดหลัง,งานเรียบร้อย ได้ออกกำลังกาย,Work,8,263
6,17:30:00,ออกไปกินข้าว,ไม่รู้จะกินอะไร,อิ่มท้อง,Eating & Drinking,6,263
14,17:30:00,อยากนอน แต่ออกไปหาข้าวกิน,ง่วงก็ง่วง แต่หิว,อิ่มแล้ว,Eating & Drinking,6,263
18,17:30:00,เดินออกไปซื้อชานมไข่มุกที่ Big C,เหนื่อยเดินทางไปซื้อเองเพราะไม่อยากเสียค่าส่ง,ได้กินชานมไข่มุก ทำให้อารมณ์ดี,Eating & Drinking,6,263
20,17:30:00,Take the van to home,Use the time more than coming to office,Go back to my home,Commuting,4,263
21,17:30:00,เดินทางไปเล่นฟิตเนส,"ขี้เกียจขับรถ, รถติด",-,Commuting,4,263
26,17:30:00,ไปซื้อข้าวเย็นที่ cosmo bazaar เพื่อเอากลับไปกินที่บ้าน,มีของอยากกินเยอะไปหมด เลยซื้อมาเกินจำเป็น กินหมดก็อ้วน,มีอาหารอร่อยให้เลือกซื้อเยอะ,Eating & Drinking,6,263
27,17:30:00,ทานอาหารเย็น เล่นมือถือขณะทานอาหาร,เลือกไม่ถูกว่าจะทานอะไรดี,"ได้เดินออกกำลังกายเลือกร้าน, คนน้อยไม่ต้องรอนาน ",Eating & Drinking,6,263
29,17:30:00,เปิดคอมพิวเตอร์,งานยังไม่เสร็จ,เตรียมทำงาน,Work,8,263
31,17:30:00,Go to Decathlon,,Little exercise from equipment testing,Sports,3,263
29,17:40:00,เล่นอินเตอร์เน็ต อ่านบทความออนไลน์,เบื่อ,อัพเดตข่าวสาร,Relaxing,2,265
30,17:51:00,เตรียมตัวกลับบ้าน,,ดีใจจะได้กลับบ้าน,Work,8,268
30,17:55:00,หัวหน้าเรียกประชุม,ไม่เข้าใจ เบื่อทำไมนัดประชุมก่อนเลิกงาน 5นาที ควรนัดในเวลางาน,ได้งานเพิ่มและรู้รายละเอียดปัญหาแต่ละทีมที่ทำงาน,meeting,10,269
5,18:00:00,ขึ้น mrt ไป korea town,คนน้อย เลยไม่ต้องรอนาน,,commuting,4,270
7,18:00:00,ขับรถกลับ,,ออกช้า รถเริ่มโล่ง,Commuting,4,270
8,18:00:00,ทานอาหารเย็นกับเพื่อน,ทุกคนหิว อาหารหมดไวมาก,"นินทาหัวหน้า, ได้ข้อสรุปจากเรื่องที่ประชุมเมื่อวันก่อน !!",Eating & Drinking,6,270
10,18:00:00,เลิกงาน,ร่างกายอ่อนเพลียจากการทำงาน,รู้สึกดีที่ได้กลับไปพักผ่อนที่บ้าน,Commuting,4,270
11,18:00:00,ออกกำลังกาย,"เหนื่อย,เมื่อยตัว",รู้สึกเบาตัว,Sports,3,270
12,18:00:00,Finish working,don't know what to eat,relax,Work,8,270
17,18:00:00,ซื้อของทำกับข้าว,ของที่ต้องการหมด,,Shopping,12,270
18,18:00:00,กิน MK,กลิ่นติดตัว เหนียวตัว,ได้กินอาหารอร่อยหลังจากเหนื่อยจากการทำงาน,Eating & Drinking,6,270
19,18:00:00,เลิกงาน,,ดีใจเลิกงงานแล้ว,Commuting,4,270
21,18:00:00,ทำงาน,งานค้าง,งานมี progress,Work,8,270
21,18:00:00,เล่นฟิตเนส,ขี้เกียจออกกำลังกาย,ร่างกายแข็งแรง,Sports,3,270
21,18:00:00,ฝึกสุนัข,โดนกัด โดนข่วน,สุนัขมีวินัยมากขึ้น,Family activities,11,270
22,18:00:00,Play with children,"Not enough light, a lot  mosquitos",,Family activities,11,270
24,18:00:00,นั่งพูดคุยกับญาติผู้ใหญ่+เล่นกับหมา,,,Family activities,11,270
25,18:00:00,Dinner ,,Delicious food I gain my happiness,Eating & Drinking,6,270
32,18:00:00,ออกจากที่ทำงาน,,,Commuting,4,270
19,18:11:00,ขับรถกลับบ้าน,รถติดอีกก,,Commuting,4,273
31,18:11:00,Have dinner at Nice Two Meet You,smelly hands and hair,Fullfill my need,Eating & Drinking,6,273
13,18:15:00,ขึ้นบีทีเอสกลับคอนโด,ที่ทำงานไกลจากที่พัก และรถติด,กลับบ้านไวขึ้นเพราะไม่ต้องเจอรถติด,Commuting,4,274
21,18:15:00,ให้อาหารสุนัข,เปลืองเงิน,สุนัขอิ่ม,Family activities,11,274
15,18:25:00,เตรียมตัวกลับบ้าน,,,commuting,4,276
2,18:30:00,ทานมื้อเย็น,ไม่รู้จะกินอะไร กลัวอ้วน,อิ่ม,Eating & Drinking,6,278
5,18:30:00,กินหมูย่างเกาหลีกับเพื่อน,ตัวเหม็น,เจอเพื่อน ,Eating & Drinking,6,278
6,18:30:00,กลับมานอนเล่นโทรศัพท์บนเตียง,-,ผ่อนคลาย,Relaxing,2,278
7,18:30:00,กินข้าวเย็น,ไปร้านเดิมๆ,ได้กินข้าวพร้อมกับเพื่อนๆ,Eating & Drinking,6,278
8,18:30:00,จิบไวน์,เมา,รอสร่างเมา เจอตำรวจไม่โดนเป่า,Eating & Drinking,6,278
10,18:30:00,กินข้าวเย็น,เบื่อรสชาดอาหารเดิมๆ,ควายความหิวได้,Eating & Drinking,6,278
15,18:30:00,ขึ้นรถตู้บริษัท,เดินทางไกลนาน,ได้นอนหลับบนรถ,commuting,4,278
21,18:30:00,วิ่ง,ขี้เกียจวิ่ง,หัวใจแข็งแรง,Sports,3,278
23,18:30:00,ออกกำลังกาย ตามคลิปที่ห้อง,ขี้เกียจออกกำลังกาย เหนื่อย,หุ่นดี สุขภาพดี,Sports,3,278
25,18:30:00,Family time,,Watch movie at home with my mom,Family activities,11,278
26,18:30:00,รับประทานอาหารเย็นพร้อมกันในครอบครัว,ทุกคนรอกินข้าวพร้อมกัน,สร้างความสัมพันธ์ระหว่างสมาชิกในครอบครัว,Eating & Drinking,6,278
29,18:30:00,กินข้าวเย็น,หิว,หายหิว,Eating & Drinking,6,278
30,18:30:00,เตรียมตัวกลับบ้าน,,ดีใจได้กลับบ้านซักที,Work,8,278
32,18:30:00,ไปกินข้าวที่ สวนหลวงสแควร์กับเพื่อน,ร้านเหลือน้อย เพราะปิดโควิด,คนไม่เยอะ รถไม่ติด,Eating & Drinking,6,278
14,18:40:00,น็อก,เรียนจนหัวหมุน ไม่ไหวแล้ว,ได้สลบจากโลกนี้เสียที,sleeping,0,280
27,18:40:00,ทำการบ้าน และเล่นมือถือ,"ต้องกลับไปย้อนฟังคลิปที่เรียนใหม่, สมาธิเสีย ทำสองอย่าง",เข้าใจเนื้อหารที่เรียนมากขึ้น ได้ฝึกทำแบบฝึกหัด ได้คุยกับเพื่อน,Relaxing,2,280
30,18:40:00,ขับรถกลับบ้าน,เจอรถติดกับรถขับไม่มีมารยาท,ถึงที่บ้านไวเพราะไม่ต้องรอรถสาธารณะ ไม่เสียเวลา,commuting,4,280
1,19:00:00,เลิกงาน,เหงา,ได้พักผ่อน,Work,8,285
2,19:00:00,ทำงาน,แก้งานจุดเดิมเพิ่ม,สนุกที่ได้ทำงานต่างๆ,Work,8,285
12,19:00:00,Have dinner,,gain energy,Eating & Drinking,6,285
13,19:00:00,ซื้ออาหารที่ตลาดนัดเมเจอร์,อาหารแพง,ได้ซื้ออาหารถูกขึ้นเพราะมีร้านที่ใช้คนละครึ่งได้,Shopping,12,285
17,19:00:00,ทำอาหารเย็น,ไม่ค่อยอยากทำ เหนื่อย,,Eating & Drinking,6,285
18,19:00:00,เดินไปซื้อของใช้ใน Big C,เดินซื้อของ เสี่ยงติดโควิด,ได้ของใช้ที่จำเป็น,Shopping,12,285
19,19:00:00,กินข้าวเย็น,หิว,ท้องอิ่ม,Eating & Drinking,6,285
20,19:00:00,Arrive at home,,,Commuting,4,285
21,19:00:00,วิ่งสวนสาธารณะ,เหนื่อยง่าย,สุขภาพดีขึ้น,Sports,3,285
21,19:00:00,เดินทางไปทานข้าวเย็น,"ขี้เกียจขับรถ, รถติด",เปลี่ยนบรรยากาศ,Commuting,4,285
22,19:00:00,Dinner,Take time for good meals,,Eating & Drinking,6,285
24,19:00:00,ออกกำลังกายแบบ Weight Trainning,เหนื่อย,หุ่นปัง,Sports,3,285
28,19:00:00,Dinner,,Feeling full,Eating & Drinking,6,285
29,19:00:00,ทำการบ้าน ป.โท,เหนื่อย ยาก,ได้ความรู้,education,7,285
21,19:01:00,กินข้าวเย็น,หิว กลัวอ้วน,ได้ใช้เวลากับครอบครัว,Eating & Drinking,6,285
0,19:15:00,ประชุมสรุปงานประจำวัน,เวลากระชั้นก่อนเลิกงานแค่ 15 นาที,รู้ความคืบหน้าและปัญหาในแต่ละวัน,meeting,10,289
10,19:15:00,เดินทางกลับถึงบ้าน,เหนื่อยในการเดินทาง,ได้พักผ่อนที่บ้าน,Commuting,4,289
20,19:15:00,Take a shower,,Cleaned up my body,Personal Care,5,289
13,19:21:00,เปลี่ยนชุดออกกำลังกายที่คอนโด,ถ้าชุดไม่พร้อมจะทำให้ออกกำลังกายไม่สะดวก,ออกกำลังกายได้เต็มที่,Sports,3,290
0,19:30:00,เลิกงาน,ยังคิดเกี่ยวกับปัญหางานที่ค้างอยู่,ออกจาก office กลับบ้านได้,Work,8,293
0,19:30:00,เดินทางด้วย BTS กลับบ้าน,ราคาสูง,เดินทางสะดวกสบาย,Commuting,4,293
1,19:30:00,กินข้าวเย็น,หิว,อิ่ม,Eating & Drinking,6,293
3,19:30:00,เลิกงาน สแกนนิ้ว,นิ้วเปื้อน,กลับห้อง,Work,8,293
4,19:30:00,เดินทางกลับบ้าน,,ถึงบ้าน ,Commuting,4,293
6,19:30:00,เปิดคอมทำงาน เล่นเน็ต,-,ได้ทำงานเพิ่มอีกหน่อย/ผ่อนคลาย,Work,8,293
7,19:30:00,ขับรถกลับ,,มีเพื่อนนั่งด้วย ไม่เหงา,Commuting,4,293
10,19:30:00,แปรงฟันและอาบน้ำ,คิดถึงเรื่องงาน,ได้สรุปงานที่ทำวันนี้,Personal Care,5,293
11,19:30:00,กินข้าวเย็น,"รู้สึกจุก,อาหารย่อยยาก,ไม่รู้จะกินอะไร","อิ่มท้อง ,หายหิว",Eating & Drinking,6,293
13,19:30:00,วิ่งรอบคอนโด,อ้วนขึ้นเพราะกินเยอะ,ทำให้น้ำหนักลดลง,Sports,3,293
18,19:30:00,เดินกลับคอนโด,เหนื่อยเดินทาง และต้องเจอฝุ่น PM2.5,ประหยัดค่ารถกลับ,Commuting,4,293
19,19:30:00,ดู Netflix,มีการงานต้องทำแต่ขี้เกียจ,ได้ความบันเทิง,Relaxing,2,293
20,19:30:00,Dinner,,Eat the special menu by mom cooking,Eating & Drinking,6,293
21,19:30:00,ทานส้มตำ,แพง,อร่อย,Eating & Drinking,6,293
22,19:30:00,Watch & Listen,Favorites must wait for next week,Same story and rythm with family,Relaxing,2,293
26,19:30:00,เล่น Facebook,ยืนนาน เฝ้าตู้อบเพื่อดูสีของขนม เสียเวลาในการเฝ้าไปโดยเปล่าประโยชน์,สร้างรายได้เสริม สร้างภาพพจน์บน Social,Work,8,293
29,19:30:00,อาบน้ำ,อ่อนเพลีย ง่วง,สดชื่น,Personal Care,5,293
30,19:30:00,ถึงบ้าน,,ได้พักผ่อน,Relaxing,2,293
32,19:30:00,กินของหวานต่อ,อ้วน,,Eating & Drinking,6,293
21,19:31:00,Take a shower,, Feel comfortable,Personal Care,5,293
7,19:45:00,ถึงบ้าน เก็บของ อาบน้ำ,,สดชื่น พร้อมนอน,Personal Care,5,296
3,19:50:00,ถึงห้อง,เข้าสู่โหมดขี้เกียจ,ได้พักผ่อน,Relaxing,2,298
15,19:50:00,ลงจากรถตู้,,,commuting,4,298
0,20:00:00,กินอาหารเย็น,อาหารเดิมๆ ซ้ำๆ,อิ่มท้อง,Eating & Drinking,6,300
1,20:00:00,เดินทางกลับบ้าน,รถติดระหว่างเดินทาง,ถึงบ้าน,Commuting,4,300
5,20:00:00,ไปร้านบิงซู แต่ร้านให้นั่งแค่โต๊ะละ 2 คน เลยไม่กิน,"อารมณ์เสีย เพราร้านไม่ให้นั่งด้วยกัน ,อดกิน อดเม้าท์ต่อ",ไม่ต้องกินเยอะ,Eating & Drinking,6,300
8,20:00:00,ถึงบ้าน,แม่สงสัย ทำไมกลับไว,มีเวลาทำอย่างอื่นต่อ,Commuting,4,300
9,20:00:00,กินมื้อเย็น โปรตีนเวย์,ไม่อร่อย ยังหิวอยู่,ได้สุขภาพ น้ำหนักไม่ขึ้น,Eating & Drinking,6,300
10,20:00:00,ดูสื่อบันเทิงออนไลน์,ต้องค้นหาสิ่งที่จะต้องดู,ได้พักผ่อนสมอง,Relaxing,2,300
11,20:00:00,เล่นเกมส์ Among Us,"แพ้บ่อย,โดนบัพ,หัวร้อน","สนุกได้เล่นกับเพื่อน,ผ่อนคลาย",gaming,1,300
12,20:00:00,Learn E-learning,,gain more knowledge,education,7,300
13,20:00:00,กินข้าวบนห้อง,แถวที่กินที่นั่งเต็ม,กินบนห้องทำให้สะดวกขึ้นกับการทำกิจกรรมอย่างอื่นไปด้วย,Eating & Drinking,6,300
15,20:00:00,แวะกินข้าว,เหนื่อย กินดึก อ้วน,อิ่ม,Eating & Drinking,6,300
17,20:00:00,รับประทานอาหารเย็น,,รสชาติอาหารอร่อย ได้รับคำชม,Eating & Drinking,6,300
18,20:00:00,นอน,,พักผ่อน,sleeping,0,300
20,20:00:00,Play ROV with friend,,Relax with the game,gaming,1,300
21,20:00:00,เดินทางกลับบ้าน,"ขี้เกียจขับรถ, รถติด",-,Commuting,4,300
23,20:00:00,อาบน้ำ,ยังไม่หายเหนื่อยจากออกกำลังกาย,ร่างกายสะอาด สดชื่น,Personal Care,5,300
25,20:00:00,Read Textbook,Difficult subject makes me despondent,,education,7,300
28,20:00:00,Shower,Lazy to shower but needed to,Cleaned and ready for bed,Personal Care,5,300
29,20:00:00,ทำการบ้าน ป.โท ต่อ,เหนื่อย ขี้เกียจ,ได้ความรู้,education,7,300
30,20:00:00,กินอาหารเย็น,อยากสั่งไลน์แมน แม่ไม่ให้สั่งมีกับข้าวแล้ว,อิ่ม ไม่เสียเงิน,Eating & Drinking,6,300
31,20:00:00,Wait bus to come back,waiting bus with many strangers,save cost,Commuting,4,300
21,20:01:00,ออกกำลังกาย,เหนื่อย ท้อแท้,ร่างกายแข็งแรง รู้สึกผิดจากการกินลดลง,Sports,3,300
21,20:01:00,Buy a beer,Waste oil,Full fill energy,Shopping,12,300
9,20:10:00,อาบน้ำ,หนาว ขี้เกียจ,สะอาด สดชื่น,Personal Care,5,303
7,20:15:00,เล่นโทรศัพท์มือถือ เล่น Facebook อ่านหนังสือการ์ตูน,รู้สึกผิด การบ้านยังไม่เสร็จ,สนุก,Relaxing,2,304
24,20:15:00,ท่องโลกอิเตอร์เน็ต ดูหนัง ฟังเพลง เช็ค social,,,education,7,304
23,20:20:00,เดินไปที่ตู้เย็น หานมดื่ม,ท้องร้อง หิวหลังออกกำลังกาย,อิ่มท้อง,Eating & Drinking,6,305
1,20:30:00,ดู Netflix,เสียค่ารายเดือน,ได้ผ่อนคลาย สนุก,Relaxing,2,308
4,20:30:00,ทานข้าวเย็น,หิว,อิ่ม,Eating & Drinking,6,308
5,20:30:00,ขึ้น mrt กลับคอนโด,,,commuting,4,308
8,20:30:00,อาบน้ำ,ขี้เกียจ หนาววว,ตัวหอม สร่างเมา ตาสว่าง,Personal Care,5,308
9,20:30:00,พูดคุยกับที่บ้าน,โดนบ่น,ได้รู้เรื่องคนอื่นๆ สร้างความสัมพันธ์,Family activities,11,308
13,20:30:00,ทำการบ้านปริญญาโท,การบ้านไม่เสร็จ,การบ้านเสร็จทันเวลา,education,7,308
14,20:30:00,ตื่นมาคุยการบ้าน,เพื่อนติดปัญหาการบ้าน,เพื่อนทำการบ้านเสร็จ,Education,7,308
15,20:30:00,นั่งแท๊กซี่กลับบ้าน,เปลืองเงิน,เดินทางถึงบ้านเร็วสะดวก,commuting,4,308
21,20:30:00,ขึ้นรถกลับบ้าน,อยากนอน,ฟังเพลงระหว่างเดินทาง,Commuting,4,308
22,20:30:00,Bathing,A lot of drain,Relax body and mind,Personal Care,5,308
23,20:30:00,เล่น social หาเพลงที่ชอบฟัง,หาอะไรทำแก้เบื่อ บิ้วตัวเองก่อนทำการบ้าน,อารมณ์ดี มีแรงทำการบ้าน,Relaxing,2,308
32,20:30:00,ขับรถกลับบ้าน,,รถไม่ติด ขับสบาย,Commuting,4,308
21,20:31:00,"Prepare glasses, food",Lazy,,Housework,9,308
21,20:40:00,อาบน้ำ,-,สดชื่น,Personal Care,5,310
8,20:45:00,อ่านหนังสือ ทำงานนอก,ขี้เกียจ เหนื่อย,ได้งาน ได้ความรู้,Work,8,311
0,21:00:00,อาบน้ำ,,สดชื่น+สะอาด,Personal Care,5,315
2,21:00:00,อาบน้ำ,หนาว,รู้สึกสะอาด สดชื่น,Personal Care,5,315
3,21:00:00,อาบน้ำ,หนาว ไม่อยากอาบ,ผ่อนคลาย สะอาด,Personal Care,5,315
4,21:00:00,แปรงฟัน/ อาบน้ำ,ไม่สดชื่น,สะอาด สดชื่น ,Personal Care,5,315
6,21:00:00,อาบน้ำ + แปรงฟัน,ขี้เกียจ,ร่างกายสะอาด,Personal Care,5,315
11,21:00:00,อาบน้ำ,หนาว,สดชื่น พร้อมอ่านหนังสือ,Personal Care,5,315
16,21:00:00,กลับบ้าน,ง่วงนอน,ถึงบ้าน,Commuting,4,315
17,21:00:00,อาบน้ำ,อากาศเย็น ไม่อยากอาบน้ำ,,Personal Care,5,315
18,21:00:00,ตื่นมาทำการบ้าน,ไม่อยากทำเพราะขี้เกียจ,ทำการบ้านแล้วทำให้เข้าใจในเนื้อหามากขึ้น,Education,7,315
19,21:00:00,เล่นเกม,มีการงานต้องทำแต่ขี้เกียจ,ได้ความบันเทิง,gaming,1,315
20,21:00:00,Watch netfix,,Relax with the movie,Relaxing,2,315
21,21:00:00,อ่านหนังสือ + ทำการบ้าน,ขี้เกียจอ่าน,ได้ความรู้,Education,7,315
21,21:00:00,อาบน้ำ,หนาว ผิวแห้ง ,สดชื่นและสะอาด,Personal Care,5,315
22,21:00:00,Read a book,Not enough time to summarize,More deep understanding,Education,7,315
26,21:00:00,อาบน้ำ,หนาว,สดชื่น,Personal Care,5,315
28,21:00:00,Talking to flings,Very sleepy but need to keep him entertain and feel loved,,Relaxing,2,315
29,21:00:00,หาขนม ของหวานมากิน,หิวขนม,อิ่มขนม,Eating & Drinking,6,315
30,21:00:00,นอนเล่นมือถือ,เสียเวลา,เช็คงาน เช็คไลน์ เล่นเกม,Relaxing,2,315
31,21:00:00,"Watch ""The Wall Song"" tv programme",eyestrain,fun and entertainment,Relaxing,2,315
21,21:01:00,Watch football match spur vs Sheffield,Waiting time,Funny,Relaxing,2,315
15,21:11:00,ถึงบ้าน,,,commuting,4,318
32,21:15:00,ถึงบ้าน,,,Commuting,4,319
5,21:20:00,ถึงคอนโด,,,Commuting,4,320
5,21:20:00,นั่งเม้าท์กับน้อง,,,Family activities,11,320
21,21:20:00,ลงรถไฟฟ้า,เดินไกล,ซื้ออาหารเย็นระหว่างทางเดินไปคอนโด,Commuting,4,320
32,21:20:00,อาบน้ำ,ต้องอาบ เพราะกลัวเชื้อโรค,,Personal Care,5,320
15,21:25:00,อาบน้ำ,อากาศหนาว ไม่อยากอาบน้ำ,ร่างกายสะอาด,Personal Care,5,321
0,21:30:00,เล่นอินเตอร์เน็ท,กลัวตกเทรนด์,ได้ความรู้ใหม่ๆ,education,7,322
1,21:30:00,อาบน้ำ,น้ำเย็น,สดชื่่น สะอาด รู้สึกผ่อนคลาย,Personal Care,5,322
2,21:30:00,เล่นเกมส์,อยากเล่นต่อ,ผ่อนคลาย,gaming,1,322
3,21:30:00,ทำการบ้าน,ขี้เกียจ คิดไม่ออก,การบ้านเสร็จ ได้คะแนน,education,7,322
4,21:30:00,ดู youtube/ netflix,ไม่รู้จะเลือกดูอะไรดี,สนุก สบายใจ,Relaxing,2,322
6,21:30:00,ทาครีมบำรุง,ครีมหลายชั้นใช้เวลา เครื่องแต่งกายใช้เวลา,ผิวดี ปากไม่แห้ง,Personal Care,5,322
11,21:30:00,อ่านหนังสือ+ทำการบ้าน,"เริ่มง่วง,ชอบสมาธิหลุด","เสร็จการบ้านทันเวลา,เพิ่มความรู้",Education,7,322
16,21:30:00,แวะกินข้าวเย็น,เลือกร้านไม่ได้,อิ่ม,Eating & Drinking,6,322
21,21:30:00,กินอาหารเย็นเบาๆ,หิว,ไม่หิวก่อนนอน,Eating & Drinking,6,322
22,21:30:00,Plan tomorrow tasks,Lost some information,Summarize  important and todos,Work,8,322
23,21:30:00,ทำการบ้าน ป.โท,ขี้เกียจทำการบ้าน ใช้เวลานาน ง่วง,การบ้านเสร็จทันเวลา,education,7,322
26,21:30:00,ทาครีม,ขี้เกียจรอครีมซึม  ทั้งที่ซื้อมาหลายตัว หลาย Step,รู้สึกดีที่ผิวได้รับการบำรุง,Personal Care,5,322
26,21:40:00,ดู Series,ดูแล้วติดยาว ง่วงแต่อยากดูให้จบ,สนุก คลายเครียด เบาสมอง,Relaxing,2,325
6,21:45:00,นอนเล่นโทรศัพท์ / ดูทีวี (netflix),ไม่รู้จะดูอะไร,ผ่อนคลาย,Relaxing,2,326
12,21:45:00,Take a shower,,clean,Personal Care,5,326
15,21:50:00,นั่งทำงาน/การบ้าน,ง่วงนอน ขี้เกียจ,ได้ทบทวนสิ่งที่เรียน,education,7,327
1,22:00:00,นอนอ่านหนังสือ,ทำให้ง่วงนอนง่าย,ได้ความรู้เพิ่มเติม,Education,7,330
2,22:00:00,Self Learning,เวลาไม่เข้าใจ ขาดคนแนะนำ,ได้พัฒนาตัวเอง,education,7,330
5,22:00:00,อาบน้ำ,เสียเวลาอาบน้ำนาน เพราะตัวเหม็น,,Personal Care,5,330
7,22:00:00,นอน,,ได้พักผ่อน,sleeping,0,330
9,22:00:00,เล่นเกม Harvest Moon,นั่งเล่นนานลืมเวลา ปวดหลัง ปวดแขน,สนุก คลายเครียด เบาสมอง,gaming,1,330
12,22:00:00,Call girl friend,,"relax, share, plan",Relaxing,2,330
13,22:00:00,อาบน้ำ,เหงื่อเต็มตัว ทำให้ไม่สบายตัว,ตัวสะอาดและสบายตัว,Personal Care,5,330
17,22:00:00,ทำการบ้าน อ่านหนังสือ,การบ้านยาก,ได้มีโอกาสเรียนรู้เพิ่มเติม จาก internet ,Education,7,330
19,22:00:00,อ่านหนังสือ,ขี้เกียจอ่าน อยากทำอย่างอื่น,ได้ความรู้ใหม่ เรียนรู้เรื่องใหม่,Education,7,330
21,22:00:00,ดู Netflix,ติดซีรีย์ เสียเวลานอน,สนุกสนาน ผ่อนคลาย,Relaxing,2,330
21,22:00:00,อาบน้ำ,เหม็นเหงื่อและสิ่งสกปรก,ผ่อนคลาย ตัวหอมและสดชื่น,Personal Care,5,330
22,22:00:00,Sleep to deep,More hours for freshy in morning,No dream better organization,Sleeping,0,330
24,22:00:00,อาบน้ำนอน,,,sleeping,0,330
25,22:00:00,Play ROV,,Happy,gaming,1,330
27,22:00:00,เดินทางกลับบ้าน ฟังเพลงด้วย,เหนื่อย ต้องเดินขึ้นลงบันได BTS รอรถไฟ,ผ่อนคลาย เพลิดเพลิน,Commuting,4,330
29,22:00:00,แปรงฟัน,เริ่มง่วง,สดชื่นขึ้น,Personal Care,5,330
32,22:00:00,นอนเล่นโทรศัพท์ ดูทีวี,อ่านข่าวการเมืองแล้วปวดหัว,ดูnetflix สนุก,Relaxing,2,330
13,22:21:00,แต่งตัว,ช่วงนี้อากาศหนาว,ร่างกายอบอุ่นขึ้น,Personal Care,5,335
24,22:21:00,ทำการบ้าน,,งานเสร็จแล้วเราจะสบาย,education,7,335
0,22:30:00,ดูทีวี,รู้สึกเสียเวลา,ได้พักผ่อน,Relaxing,2,337
3,22:30:00,ดูหนัง,เปลืองเวลา,ผ่อนคลาย,Relaxing,2,337
13,22:30:00,research หาความรู้เพิ่มเติม,เรียนป.โทแล้วมีจุดที่ยังไม่เข้าใจ,เข้าใจมากขึ้นเมื่อเอามาประกอบกับเนื้อหาที่เรียน,education,7,337
16,22:30:00,อ่านการ์ตูน,,มีความสุข,Education,7,337
21,22:30:00,เป่าผม,หัวเปียก,ดูแลสุขภาพผม,Personal Care,5,337
29,22:30:00,นั่งดูข่าว,ง่วง แต่ยังไม่อยากนอน,ได้อัพเดตข่าวสารบ้านเมือง,education,7,337
30,22:30:00,อาบน้ำ,หนาว,สะอาดสดชื่น ตื่นเต็มที่,Personal Care,5,337
31,22:30:00,Line voice call with close friend,,feel relax,Relaxing,2,337
21,22:41:00,ดูซีรีย์,เหนื่อยมาทั้งวัน,ผ่อนคลาย คุยกับเพื่อนรู้เรื่อง,Relaxing,2,340
4,23:00:00,ทำการบ้าน,ไม่ค่อยเข้าใจ ,ศึกษาเพิ่มเติม/ การบ้านเสร็จ ,education,7,345
5,23:00:00,ทำการบ้าน image analytics ,ง่วงนอน แต่ต้องทำการบ้าน,เข้าใจเรื่องที่เรียนมากขึ้น,education,7,345
6,23:00:00,ปิดไฟนอนหลับ,ขี้เกียจลุก,นอน,sleeping,0,345
10,23:00:00,นอน,เหนื่อยในการทำงาน,ได้พัฒนาความสามารถ,sleeping,0,345
12,23:00:00,Go to bed,,get rest,sleeping,0,345
14,23:00:00,อาบน้ำ,อากาศเย็น,สดชื่น,Personal Care,5,345
15,23:00:00,พักดู youtube,ทำให้นอนดึก,คลายเครียด,Relaxing,2,345
17,23:00:00,ดู youtube,ยังมี ep อื่นต่อ,สนุก ผ่อนคลายพักผ่อน,Relaxing,2,345
18,23:00:00,เล่นเกมส์กับเพื่อน,มือถือแบตหมดเร็ว,พักผ่อน ได้พูดคุยกับเพื่อน,gaming,1,345
20,23:00:00,Sleep,,Feel peaceful,sleeping,0,345
21,23:00:00,ทำการบ้าน ,ทำไม่ได้ ไม่เข้าใจ เครียด,ได้ความรู้เพิ่ม / การบ้านเสร็จ,education,7,345
27,23:00:00,คุยเล่นกับคนในครอบครัว,เวลานอนลดน้อยลง,ได้อัพเดตชีวิตของคนในครอบครัว,Family activities,11,345
28,23:00:00,Bed time,,Energy recharged,Sleeping,0,345
29,23:00:00,เข้านอน,อ่อนเพลีย ง่วง,พักผ่อน,sleeping,0,345
30,23:00:00,ทาครีม,ทาครีมเยอะแต่ยังไม่เห็นผล,ได้ทาครีมบำรุงไว้เผื่อซักวันจะผิวดีขึ้น,Personal Care,5,345
31,23:00:00,Go to bed,,"Get rest, boost energy",sleeping,0,345
21,23:01:00,Watch football match ManU vs Liverpool,ManU not win,Funny,Relaxing,2,345
30,23:15:00,เข้า youtube หาอะไรเรียนเพิ่ม,เริ่มง่วงนอน ขี้เกียจ,ได้ความรู้เพิ่มเติม,Relaxing,2,349
1,23:30:00,เข้านอน,ไม่อยากนอน,ได้นอนหลับพักผ่อน,sleeping,0,352
3,23:30:00,เปิดผีฟัง,กลัว,นอนหลับ,Relaxing,2,352
8,23:30:00,ดูซีรีย์จีน,ขัดใจชะนีในเรื่อง มีแต่พระเอกแทนได้ไหม,พระเอกกล้ามหล่อมาก ได้ฝึกฟังภาษาจีนให้คุ้นหู ,Relaxing,2,352
16,23:30:00,อาบน้ำ,เหนื่อย,สะอาด,Personal Care,5,352
18,23:30:00,ออกไปซื้อขนมที่เสเว่น,เดินทางตอนกลางคืน อันตราย,ได้ขนมกลับมากินที่ห้อง,Eating & Drinking,6,352
21,23:30:00,เรียนคอร์สออนไลน์,ตามโลกการทำงานไม่ทัน,พัฒนาตนเอง,Education,7,352
23,23:30:00,สวดมนต์ และเข้านอน,ง่วงนอน ไม่อยากตื่นไปทำงานสาย,นอนหลับเต็มที่ ตื่นไปทำงานทัน,sleeping,0,352
15,23:40:00,เข้านอน,ง่วงและ เหนื่อย,พักผ่อน,sleeping,0,355
13,23:45:00,เล่นเกมมือถือ,เครียดมาทั้งวันทั้งงานที่ออฟฟิศและงานป.โท,รู้สึกผ่อนคลายมากขึ้น,gaming,1,356
30,23:45:00,ดูทีวี,เสียเวลา ไม่ได้เรียนให้จบ,ได้ผ่อนคลาย,Relaxing,2,356
